encounter_key,source_system,source_record_id,facility_id,facility_name,facility_type,patient_key,age_band,sex,patient_zip3,admit_date,discharge_date,length_of_stay_days,encounter_type,primary_dx_code,dx_description,chronic_category,attending_npi,attending_specialty_at_encounter,attending_employment_status_at_encounter,payer_category,billed_amount_usd,claim_status,readmit_30d_flag,version_count,source_batch_id,source_file_name,source_row_number
EPIC_NORTH:E2629222,EPIC_NORTH,E2629222,FAC001,Lakeshore General Hospital,Acute Care Hospital,9ad899fcfcda5b54e7306b2ce35b79f1,40-64,M,541,2024-01-02,2024-01-13,11,INPATIENT,E11.65,Type 2 diabetes mellitus with hyperglycemia,DIABETES,1440029787,Internal Medicine,Affiliated,COMMERCIAL,55884.50,PAID,0,1,batch_001,encounters_epic_north.csv,245
LEGACY_MEDITECH:138925,LEGACY_MEDITECH,138925,FAC004,Riverbend Community Hospital,Critical Access Hospital,cb2d636a539def5e47e1aa61b3d945a5,40-64,F,524,2024-01-03,2024-01-12,9,INPATIENT,J44.1,Chronic obstructive pulmonary disease with (acute) exacerbation,COPD,1406925663,Hospitalist,Affiliated,COMMERCIAL,52712.93,PAID,0,1,batch_002,encounters_legacy_meditech.csv,243
EPIC_NORTH:E5712835,EPIC_NORTH,E5712835,FAC002,St. Brendan Medical Center,Acute Care Hospital,1d5d7fbfd028e733de2cc7dc8497e64e,40-64,F,537,2024-01-04,2024-01-06,2,INPATIENT,I50.22,Chronic systolic (congestive) heart failure,HEART_FAILURE,1642524775,Internal Medicine,Employed,COMMERCIAL,13811.63,PAID,1,1,batch_001,encounters_epic_north.csv,375
EPIC_NORTH:E4785753,EPIC_NORTH,E4785753,FAC001,Lakeshore General Hospital,Acute Care Hospital,d2c38d65468433d4949bdfd989570954,40-64,M,537,2024-01-11,2024-01-13,2,INPATIENT,J44.1,Chronic obstructive pulmonary disease with (acute) exacerbation,COPD,1309114175,Hospitalist,Employed,MEDICAID,31594.81,PAID,1,2,batch_002,encounters_epic_north.csv,105
EPIC_NORTH:E9602578,EPIC_NORTH,E9602578,FAC002,St. Brendan Medical Center,Acute Care Hospital,3d4d675af5b49fbf9f46951028995a8d,40-64,F,537,2024-01-11,2024-01-11,0,EMERGENCY,J44.1,Chronic obstructive pulmonary disease with (acute) exacerbation,COPD,1028382228,Emergency Medicine,Employed,COMMERCIAL,8038.86,PAID,"",1,batch_001,encounters_epic_north.csv,1270
EPIC_NORTH:E1936288,EPIC_NORTH,E1936288,FAC001,Lakeshore General Hospital,Acute Care Hospital,d9004d75439991f43a0a56de347f79a7,40-64,M,537,2024-01-14,2024-01-19,5,INPATIENT,E11.65,Type 2 diabetes mellitus with hyperglycemia,DIABETES,1701079810,Pulmonology,Employed,MEDICAID,8299.29,PAID,0,1,batch_001,encounters_epic_north.csv,900
LEGACY_MEDITECH:113421,LEGACY_MEDITECH,113421,FAC004,Riverbend Community Hospital,Critical Access Hospital,3f30294a39ae895dc1e6b13f4bf0965b,40-64,M,520,2024-01-15,2024-01-23,8,INPATIENT,I50.9,"Heart failure, unspecified",HEART_FAILURE,1585003704,Internal Medicine,Affiliated,OTHER,19228.91,PAID,0,1,batch_002,encounters_legacy_meditech.csv,48
LEGACY_MEDITECH:122681,LEGACY_MEDITECH,122681,FAC004,Riverbend Community Hospital,Critical Access Hospital,6d6535db1ba298b4aefb8af7e617da39,40-64,M,520,2024-01-16,2024-01-20,4,INPATIENT,N18.6,End stage renal disease,CKD,1585003704,Internal Medicine,Affiliated,SELF_PAY,9256.93,DENIED,0,1,batch_002,encounters_legacy_meditech.csv,109
EPIC_NORTH:E7146065,EPIC_NORTH,E7146065,FAC002,St. Brendan Medical Center,Acute Care Hospital,f29552f099009bf3676689fa7ad013bb,40-64,F,531,2024-01-21,2024-02-02,12,INPATIENT,J44.1,Chronic obstructive pulmonary disease with (acute) exacerbation,COPD,1642524775,Internal Medicine,Employed,COMMERCIAL,38512.67,PAID,0,1,batch_001,encounters_epic_north.csv,843
EPIC_NORTH:E9337833,EPIC_NORTH,E9337833,FAC002,St. Brendan Medical Center,Acute Care Hospital,1d5d7fbfd028e733de2cc7dc8497e64e,40-64,F,537,2024-01-22,2024-01-30,8,INPATIENT,I50.9,"Heart failure, unspecified",HEART_FAILURE,1105218543,Nephrology,Employed,COMMERCIAL,21172.72,PAID,1,1,batch_001,encounters_epic_north.csv,650
EPIC_NORTH:E6414511,EPIC_NORTH,E6414511,FAC001,Lakeshore General Hospital,Acute Care Hospital,d2c38d65468433d4949bdfd989570954,40-64,M,537,2024-01-25,2024-02-04,10,INPATIENT,J44.1,Chronic obstructive pulmonary disease with (acute) exacerbation,COPD,1778486484,Internal Medicine,Employed,MEDICAID,43789.90,PAID,1,1,batch_001,encounters_epic_north.csv,551
EPIC_NORTH:E3018070,EPIC_NORTH,E3018070,FAC002,St. Brendan Medical Center,Acute Care Hospital,62bf96b513cb019b19c36ff3d17900d9,18-39,F,543,2024-01-30,2024-01-31,1,EMERGENCY,E11.65,Type 2 diabetes mellitus with hyperglycemia,DIABETES,1028382228,Emergency Medicine,Employed,COMMERCIAL,5000.00,PAID,"",1,batch_001,encounters_epic_north.csv,272
EPIC_NORTH:E4552215,EPIC_NORTH,E4552215,FAC002,St. Brendan Medical Center,Acute Care Hospital,89e23ba6e04af85e340e1fb76bcfa9f9,40-64,F,537,2024-01-31,2024-02-08,8,INPATIENT,I10,Essential (primary) hypertension,HYPERTENSION,1008754750,Hospitalist,Employed,MEDICAID,45183.06,PAID,0,1,batch_001,encounters_epic_north.csv,1424
EPIC_NORTH:E9242053,EPIC_NORTH,E9242053,FAC002,St. Brendan Medical Center,Acute Care Hospital,34b53fc45cbd925681f9f2a6d6746bb6,65+,M,531,2024-01-31,2024-02-02,2,INPATIENT,N18.6,End stage renal disease,CKD,1939494823,Pulmonology,Employed,MEDICARE,10857.20,DENIED,0,1,batch_001,encounters_epic_north.csv,901
EPIC_NORTH:E6874762,EPIC_NORTH,E6874762,FAC002,St. Brendan Medical Center,Acute Care Hospital,1d5d7fbfd028e733de2cc7dc8497e64e,40-64,F,537,2024-02-02,2024-02-11,9,INPATIENT,I50.22,Chronic systolic (congestive) heart failure,HEART_FAILURE,1836016109,Hospitalist,Employed,COMMERCIAL,10720.01,PAID,0,1,batch_001,encounters_epic_north.csv,1272
EPIC_NORTH:E8674071,EPIC_NORTH,E8674071,FAC002,St. Brendan Medical Center,Acute Care Hospital,34b53fc45cbd925681f9f2a6d6746bb6,65+,M,531,2024-02-02,2024-02-11,9,INPATIENT,N18.6,End stage renal disease,CKD,1008754750,Hospitalist,Employed,MEDICARE,41590.61,PAID,0,1,batch_001,encounters_epic_north.csv,60
EPIC_NORTH:E6688063,EPIC_NORTH,E6688063,FAC001,Lakeshore General Hospital,Acute Care Hospital,d2c38d65468433d4949bdfd989570954,40-64,M,537,2024-02-05,2024-02-06,1,INPATIENT,J44.1,Chronic obstructive pulmonary disease with (acute) exacerbation,COPD,1472671472,Cardiology,Affiliated,MEDICAID,17281.45,PAID,0,1,batch_001,encounters_epic_north.csv,198
EPIC_NORTH:E8129864,EPIC_NORTH,E8129864,FAC001,Lakeshore General Hospital,Acute Care Hospital,d3338e03f5582005c74fe62a92080561,40-64,M,531,2024-02-05,2024-02-09,4,INPATIENT,E11.65,Type 2 diabetes mellitus with hyperglycemia,DIABETES,1139986982,Hospitalist,Employed,COMMERCIAL,16893.83,PAID,0,1,batch_001,encounters_epic_north.csv,1129
LEGACY_MEDITECH:126126,LEGACY_MEDITECH,126126,FAC004,Riverbend Community Hospital,Critical Access Hospital,314f1890d1bf0808cee1afef711d5c8e,18-39,F,524,2024-02-07,2024-02-07,0,OBSERVATION,J44.1,Chronic obstructive pulmonary disease with (acute) exacerbation,COPD,1129110288,Hospitalist,Affiliated,SELF_PAY,7390.10,PAID,"",1,batch_002,encounters_legacy_meditech.csv,121
EPIC_NORTH:E4045437,EPIC_NORTH,E4045437,FAC002,St. Brendan Medical Center,Acute Care Hospital,93332e54a2a6427ccb34545b6d8d583c,40-64,M,531,2024-02-10,2024-02-10,0,EMERGENCY,N18.6,End stage renal disease,CKD,1229836956,Emergency Medicine,Affiliated,COMMERCIAL,6667.99,PAID,"",1,batch_001,encounters_epic_north.csv,755
EPIC_NORTH:E4418536,EPIC_NORTH,E4418536,FAC001,Lakeshore General Hospital,Acute Care Hospital,1c1faf6a5dd5fe998549142a11f67749,40-64,F,531,2024-02-13,2024-02-13,0,OBSERVATION,I50.22,Chronic systolic (congestive) heart failure,HEART_FAILURE,1536455680,Hospitalist,Affiliated,OTHER,15839.20,PAID,"",1,batch_001,encounters_epic_north.csv,456
EPIC_NORTH:E2798430,EPIC_NORTH,E2798430,FAC002,St. Brendan Medical Center,Acute Care Hospital,7db8afe2e33d5e7a3f8fe1b45dd68b5a,40-64,M,543,2024-02-16,2024-02-24,8,INPATIENT,J44.1,Chronic obstructive pulmonary disease with (acute) exacerbation,COPD,1836016109,Hospitalist,Employed,MEDICAID,22416.88,PAID,1,1,batch_001,encounters_epic_north.csv,1315
EPIC_NORTH:E2855509,EPIC_NORTH,E2855509,FAC001,Lakeshore General Hospital,Acute Care Hospital,3dc9bd5ab9579373acf3c2cdc9e5f672,40-64,F,532,2024-02-17,2024-02-20,3,INPATIENT,E11.65,Type 2 diabetes mellitus with hyperglycemia,DIABETES,1778486484,Internal Medicine,Employed,COMMERCIAL,19492.99,PAID,0,1,batch_001,encounters_epic_north.csv,1234
EPIC_NORTH:E1023983,EPIC_NORTH,E1023983,FAC002,St. Brendan Medical Center,Acute Care Hospital,6758a05c8aad9e069d815ca3d1cffada,18-39,F,541,2024-02-19,2024-02-19,0,OBSERVATION,J45.901,Unspecified asthma with (acute) exacerbation,ASTHMA,1642524775,Internal Medicine,Employed,COMMERCIAL,13577.82,PAID,"",1,batch_001,encounters_epic_north.csv,399
EPIC_NORTH:E2675682,EPIC_NORTH,E2675682,FAC002,St. Brendan Medical Center,Acute Care Hospital,b6b75d5041de242c5bc9eac21d7900c1,65+,M,531,2024-02-19,2024-02-20,1,INPATIENT,I10,Essential (primary) hypertension,HYPERTENSION,1682052588,Cardiology,Affiliated,COMMERCIAL,18699.67,PAID,0,1,batch_001,encounters_epic_north.csv,396
EPIC_NORTH:E5025126,EPIC_NORTH,E5025126,FAC002,St. Brendan Medical Center,Acute Care Hospital,7db8afe2e33d5e7a3f8fe1b45dd68b5a,40-64,M,543,2024-02-22,2024-02-28,6,INPATIENT,E11.65,Type 2 diabetes mellitus with hyperglycemia,DIABETES,1105218543,Nephrology,Employed,MEDICAID,65126.28,PAID,0,1,batch_001,encounters_epic_north.csv,652
EPIC_NORTH:E6164562,EPIC_NORTH,E6164562,FAC001,Lakeshore General Hospital,Acute Care Hospital,172bedc3ff8783d656442b99d5fabe52,40-64,M,532,2024-02-22,2024-02-22,0,EMERGENCY,J44.1,Chronic obstructive pulmonary disease with (acute) exacerbation,COPD,1447294053,Emergency Medicine,Employed,MEDICARE,5234.41,PAID,"",1,batch_001,encounters_epic_north.csv,1413
EPIC_NORTH:E3955940,EPIC_NORTH,E3955940,FAC001,Lakeshore General Hospital,Acute Care Hospital,2249efea5c92c5aec61d568e0936d493,40-64,F,531,2024-02-27,2024-03-01,3,INPATIENT,J44.1,Chronic obstructive pulmonary disease with (acute) exacerbation,COPD,1440029787,Internal Medicine,Affiliated,COMMERCIAL,10550.26,PAID,0,1,batch_001,encounters_epic_north.csv,472
EPIC_NORTH:E9183428,EPIC_NORTH,E9183428,FAC002,St. Brendan Medical Center,Acute Care Hospital,71c198473e01f7f91b0ca2199a5bdf14,40-64,M,541,2024-02-27,2024-02-28,1,INPATIENT,I10,Essential (primary) hypertension,HYPERTENSION,1771884131,Internal Medicine,Employed,COMMERCIAL,76844.70,PAID,0,1,batch_001,encounters_epic_north.csv,859
EPIC_NORTH:E6167813,EPIC_NORTH,E6167813,FAC001,Lakeshore General Hospital,Acute Care Hospital,7db8afe2e33d5e7a3f8fe1b45dd68b5a,40-64,M,543,2024-02-28,2024-03-07,8,INPATIENT,E11.65,Type 2 diabetes mellitus with hyperglycemia,DIABETES,1452059979,Nephrology,Employed,MEDICAID,10144.43,PAID,0,1,batch_001,encounters_epic_north.csv,1425
EPIC_NORTH:E1136149,EPIC_NORTH,E1136149,FAC002,St. Brendan Medical Center,Acute Care Hospital,9810d4a0ca2b76343e360553b10d66a5,40-64,F,537,2024-03-02,2024-03-05,3,INPATIENT,I10,Essential (primary) hypertension,HYPERTENSION,1836016109,Hospitalist,Employed,COMMERCIAL,38828.21,PAID,0,1,batch_001,encounters_epic_north.csv,493
EPIC_NORTH:E9269843,EPIC_NORTH,E9269843,FAC001,Lakeshore General Hospital,Acute Care Hospital,9e89b6881d3cef318255c3b36d23ac9b,40-64,F,532,2024-03-02,2024-03-02,0,EMERGENCY,J44.1,Chronic obstructive pulmonary disease with (acute) exacerbation,COPD,1809320819,Emergency Medicine,Employed,MEDICARE,8775.54,PAID,"",1,batch_001,encounters_epic_north.csv,579
EPIC_NORTH:E3827188,EPIC_NORTH,E3827188,FAC002,St. Brendan Medical Center,Acute Care Hospital,4493c094509c36589d5da706aefaf8a0,18-39,F,531,2024-03-04,2024-03-05,1,INPATIENT,I10,Essential (primary) hypertension,HYPERTENSION,1836016109,Hospitalist,Employed,MEDICAID,92469.56,PAID,0,1,batch_001,encounters_epic_north.csv,666
EPIC_NORTH:E9176645,EPIC_NORTH,E9176645,FAC001,Lakeshore General Hospital,Acute Care Hospital,2476d856c549716a97cd361db0dc0da0,65+,F,531,2024-03-06,2024-03-14,8,INPATIENT,I10,Essential (primary) hypertension,HYPERTENSION,1472671472,Cardiology,Affiliated,MEDICARE,9872.48,PAID,0,1,batch_001,encounters_epic_north.csv,1180
LEGACY_MEDITECH:105340,LEGACY_MEDITECH,105340,FAC004,Riverbend Community Hospital,Critical Access Hospital,5b710079d93c10d512b541c44238ae39,18-39,F,537,2024-03-06,2024-03-12,6,INPATIENT,I10,Essential (primary) hypertension,HYPERTENSION,1406925663,Hospitalist,Affiliated,OTHER,14052.89,PAID,0,2,batch_002,encounters_legacy_meditech.csv,175
EPIC_NORTH:E2625974,EPIC_NORTH,E2625974,FAC001,Lakeshore General Hospital,Acute Care Hospital,f1beb7f6641c565f52cee063badf628c,40-64,M,541,2024-03-09,2024-03-20,11,INPATIENT,I50.9,"Heart failure, unspecified",HEART_FAILURE,1701079810,Pulmonology,Employed,COMMERCIAL,20332.93,PAID,0,1,batch_001,encounters_epic_north.csv,340
LEGACY_MEDITECH:105771,LEGACY_MEDITECH,105771,FAC004,Riverbend Community Hospital,Critical Access Hospital,a534d5fca45505a31afe55e243bdaf58,40-64,M,520,2024-03-09,2024-03-14,5,INPATIENT,E11.65,Type 2 diabetes mellitus with hyperglycemia,DIABETES,1406925663,Hospitalist,Affiliated,COMMERCIAL,46307.20,PAID,0,1,batch_001,encounters_legacy_meditech.csv,39
LEGACY_MEDITECH:114474,LEGACY_MEDITECH,114474,FAC004,Riverbend Community Hospital,Critical Access Hospital,78a67724e125b78dc05f2a9b05af130e,40-64,F,531,2024-03-10,2024-03-17,7,INPATIENT,I10,Essential (primary) hypertension,HYPERTENSION,1585003704,Internal Medicine,Affiliated,MEDICAID,21270.23,PAID,0,1,batch_001,encounters_legacy_meditech.csv,85
LEGACY_MEDITECH:107263,LEGACY_MEDITECH,107263,FAC004,Riverbend Community Hospital,Critical Access Hospital,245e9b9fb6afbbccb66f115ff9d07388,40-64,F,520,2024-03-12,2024-03-20,8,INPATIENT,I50.22,Chronic systolic (congestive) heart failure,HEART_FAILURE,1129110288,Hospitalist,Affiliated,COMMERCIAL,33865.68,PAID,0,1,batch_001,encounters_legacy_meditech.csv,214
EPIC_NORTH:E7668183,EPIC_NORTH,E7668183,FAC001,Lakeshore General Hospital,Acute Care Hospital,5536f6e166683159269395439f920a58,40-64,F,524,2024-03-13,2024-03-15,2,OBSERVATION,I10,Essential (primary) hypertension,HYPERTENSION,1440029787,Internal Medicine,Affiliated,COMMERCIAL,15787.08,PAID,"",1,batch_001,encounters_epic_north.csv,886
EPIC_NORTH:E9563242,EPIC_NORTH,E9563242,FAC001,Lakeshore General Hospital,Acute Care Hospital,6bf76452d3943e5d0ee558e9158184b5,40-64,M,531,2024-03-19,2024-03-20,1,INPATIENT,I50.9,"Heart failure, unspecified",HEART_FAILURE,1440029787,Internal Medicine,Affiliated,COMMERCIAL,74777.17,PAID,1,1,batch_001,encounters_epic_north.csv,328
EPIC_NORTH:E2813606,EPIC_NORTH,E2813606,FAC001,Lakeshore General Hospital,Acute Care Hospital,ebecb3ab89d55495b8e135452a90af05,40-64,M,541,2024-03-20,2024-03-29,9,INPATIENT,E11.65,Type 2 diabetes mellitus with hyperglycemia,DIABETES,1701079810,Pulmonology,Employed,COMMERCIAL,40953.78,PAID,0,1,batch_001,encounters_epic_north.csv,1351
EPIC_NORTH:E4704538,EPIC_NORTH,E4704538,FAC001,Lakeshore General Hospital,Acute Care Hospital,c9c58857acaea8aa47469f723cc0e51e,65+,F,537,2024-03-23,2024-04-01,9,INPATIENT,I50.9,"Heart failure, unspecified",HEART_FAILURE,1452059979,Nephrology,Employed,MEDICARE,9602.24,PAID,1,1,batch_001,encounters_epic_north.csv,910
EPIC_NORTH:E6776742,EPIC_NORTH,E6776742,FAC001,Lakeshore General Hospital,Acute Care Hospital,72249e9860daa21c06bb476e50750580,40-64,F,537,2024-03-23,2024-03-24,1,OBSERVATION,I10,Essential (primary) hypertension,HYPERTENSION,1536455680,Hospitalist,Affiliated,COMMERCIAL,6332.30,PAID,"",1,batch_001,encounters_epic_north.csv,21
EPIC_NORTH:E7216397,EPIC_NORTH,E7216397,FAC002,St. Brendan Medical Center,Acute Care Hospital,c0c6c853a06a398817c54c81fc89820b,40-64,M,524,2024-03-23,2024-03-25,2,OBSERVATION,I10,Essential (primary) hypertension,HYPERTENSION,1771884131,Internal Medicine,Employed,MEDICAID,6270.49,PAID,"",1,batch_001,encounters_epic_north.csv,834
LEGACY_MEDITECH:104011,LEGACY_MEDITECH,104011,FAC004,Riverbend Community Hospital,Critical Access Hospital,690b75749f506186f9f29dffef41a4da,40-64,M,524,2024-03-23,2024-03-23,0,OBSERVATION,E11.65,Type 2 diabetes mellitus with hyperglycemia,DIABETES,1585003704,Internal Medicine,Affiliated,COMMERCIAL,10847.75,DENIED,"",1,batch_001,encounters_legacy_meditech.csv,17
EPIC_NORTH:E7969478,EPIC_NORTH,E7969478,FAC002,St. Brendan Medical Center,Acute Care Hospital,eef15deaebc7501c3920b6885a249872,40-64,F,531,2024-03-25,2024-03-27,2,INPATIENT,N18.6,End stage renal disease,CKD,1939494823,Pulmonology,Employed,COMMERCIAL,48388.80,PAID,0,1,batch_001,encounters_epic_north.csv,921
EPIC_NORTH:E1341690,EPIC_NORTH,E1341690,FAC001,Lakeshore General Hospital,Acute Care Hospital,0e479c690c8d887abfe2f41d1b473e6b,65+,M,531,2024-03-29,2024-04-06,8,INPATIENT,I10,Essential (primary) hypertension,HYPERTENSION,1139986982,Hospitalist,Employed,MEDICAID,16836.71,PAID,0,2,batch_002,encounters_epic_north.csv,91
LEGACY_MEDITECH:124364,LEGACY_MEDITECH,124364,FAC004,Riverbend Community Hospital,Critical Access Hospital,04fd315aceb6e19df3f46a6698136462,40-64,M,524,2024-03-29,2024-03-29,0,EMERGENCY,N18.6,End stage renal disease,CKD,1228088641,Emergency Medicine,Affiliated,COMMERCIAL,9912.94,PAID,"",1,batch_001,encounters_legacy_meditech.csv,132
EPIC_NORTH:E2491276,EPIC_NORTH,E2491276,FAC002,St. Brendan Medical Center,Acute Care Hospital,49d8eab8ff43cf8eb6e1244fa267d090,40-64,M,531,2024-03-30,2024-04-09,10,INPATIENT,E11.65,Type 2 diabetes mellitus with hyperglycemia,DIABETES,1771884131,Internal Medicine,Employed,MEDICARE,27644.38,PAID,0,1,batch_001,encounters_epic_north.csv,1282
EPIC_NORTH:E5009710,EPIC_NORTH,E5009710,FAC002,St. Brendan Medical Center,Acute Care Hospital,7e0e6ea94ffc3f9842fdcc73cfd405e6,40-64,M,531,2024-03-31,2024-04-04,4,INPATIENT,N18.6,End stage renal disease,CKD,1642524775,Internal Medicine,Employed,OTHER,85637.87,PAID,0,1,batch_001,encounters_epic_north.csv,881
EPIC_NORTH:E1625611,EPIC_NORTH,E1625611,FAC002,St. Brendan Medical Center,Acute Care Hospital,301148e6c1ff4098460a822c4c416299,40-64,F,531,2024-04-06,2024-04-10,4,INPATIENT,I10,Essential (primary) hypertension,HYPERTENSION,1771884131,Internal Medicine,Employed,COMMERCIAL,34683.70,PAID,0,1,batch_001,encounters_epic_north.csv,728
EPIC_NORTH:E2403946,EPIC_NORTH,E2403946,FAC001,Lakeshore General Hospital,Acute Care Hospital,b5924e8d14194222c25cb4e73f932dde,40-64,M,541,2024-04-09,2024-04-11,2,OBSERVATION,E11.65,Type 2 diabetes mellitus with hyperglycemia,DIABETES,1536455680,Hospitalist,Affiliated,COMMERCIAL,14152.06,PAID,"",1,batch_001,encounters_epic_north.csv,1343
LEGACY_MEDITECH:110226,LEGACY_MEDITECH,110226,FAC004,Riverbend Community Hospital,Critical Access Hospital,4f928c15d3a4386b139a7f71fc6af6c1,65+,F,520,2024-04-09,2024-04-13,4,INPATIENT,I50.9,"Heart failure, unspecified",HEART_FAILURE,1585003704,Internal Medicine,Affiliated,MEDICARE,23429.46,PAID,0,1,batch_001,encounters_legacy_meditech.csv,122
LEGACY_MEDITECH:123063,LEGACY_MEDITECH,123063,FAC004,Riverbend Community Hospital,Critical Access Hospital,6bf76452d3943e5d0ee558e9158184b5,40-64,M,531,2024-04-09,2024-04-16,7,INPATIENT,I50.22,Chronic systolic (congestive) heart failure,HEART_FAILURE,1406925663,Hospitalist,Affiliated,COMMERCIAL,23488.92,PAID,0,1,batch_001,encounters_legacy_meditech.csv,215
EPIC_NORTH:E4828676,EPIC_NORTH,E4828676,FAC001,Lakeshore General Hospital,Acute Care Hospital,63d1f0257f9a7ac78062ce1f44be7030,18-39,M,532,2024-04-11,2024-04-20,9,INPATIENT,J45.901,Unspecified asthma with (acute) exacerbation,ASTHMA,1472671472,Cardiology,Affiliated,OTHER,27320.51,PAID,0,1,batch_001,encounters_epic_north.csv,555
LEGACY_MEDITECH:124198,LEGACY_MEDITECH,124198,FAC004,Riverbend Community Hospital,Critical Access Hospital,4f928c15d3a4386b139a7f71fc6af6c1,65+,F,520,2024-04-11,2024-04-13,2,OBSERVATION,I50.22,Chronic systolic (congestive) heart failure,HEART_FAILURE,1585003704,Internal Medicine,Affiliated,MEDICARE,5762.67,PAID,"",1,batch_001,encounters_legacy_meditech.csv,292
EPIC_NORTH:E3527377,EPIC_NORTH,E3527377,FAC002,St. Brendan Medical Center,Acute Care Hospital,cafd1fb952115643228e61f19cc145d2,18-39,F,543,2024-04-12,2024-04-19,7,INPATIENT,J44.1,Chronic obstructive pulmonary disease with (acute) exacerbation,COPD,1836016109,Hospitalist,Employed,SELF_PAY,11573.77,PAID,0,1,batch_001,encounters_epic_north.csv,817
EPIC_NORTH:E1659978,EPIC_NORTH,E1659978,FAC001,Lakeshore General Hospital,Acute Care Hospital,133d43def7d24150529af963fc889c61,65+,F,541,2024-04-13,2024-04-14,1,OBSERVATION,E11.65,Type 2 diabetes mellitus with hyperglycemia,DIABETES,1472671472,Cardiology,Affiliated,MEDICARE,7219.99,PAID,"",1,batch_001,encounters_epic_north.csv,718
LEGACY_MEDITECH:119157,LEGACY_MEDITECH,119157,FAC004,Riverbend Community Hospital,Critical Access Hospital,fdc5f238d402d9fe0cd719f6bb294c80,40-64,M,520,2024-04-16,2024-04-20,4,INPATIENT,E11.65,Type 2 diabetes mellitus with hyperglycemia,DIABETES,1406925663,Hospitalist,Affiliated,MEDICAID,49681.54,DENIED,1,1,batch_001,encounters_legacy_meditech.csv,147
EPIC_NORTH:E1287440,EPIC_NORTH,E1287440,FAC001,Lakeshore General Hospital,Acute Care Hospital,ebecb3ab89d55495b8e135452a90af05,40-64,M,541,2024-04-17,2024-04-17,0,EMERGENCY,E11.65,Type 2 diabetes mellitus with hyperglycemia,DIABETES,1447294053,Emergency Medicine,Employed,COMMERCIAL,9347.22,DENIED,"",1,batch_001,encounters_epic_north.csv,445
EPIC_NORTH:E3509297,EPIC_NORTH,E3509297,FAC001,Lakeshore General Hospital,Acute Care Hospital,0d1025c0c13946cf339a4d4e5ee47e72,65+,F,531,2024-04-17,2024-04-17,0,EMERGENCY,J44.1,Chronic obstructive pulmonary disease with (acute) exacerbation,COPD,1809320819,Emergency Medicine,Employed,MEDICARE,5255.43,PAID,"",1,batch_001,encounters_epic_north.csv,1197
LEGACY_MEDITECH:138394,LEGACY_MEDITECH,138394,FAC004,Riverbend Community Hospital,Critical Access Hospital,c76de60b15149e6e9de02fb9d417e23a,65+,M,524,2024-04-17,2024-04-18,1,EMERGENCY,I10,Essential (primary) hypertension,HYPERTENSION,1228088641,Emergency Medicine,Affiliated,COMMERCIAL,5388.83,PAID,"",1,batch_001,encounters_legacy_meditech.csv,332
EPIC_NORTH:E3663103,EPIC_NORTH,E3663103,FAC002,St. Brendan Medical Center,Acute Care Hospital,c9c58857acaea8aa47469f723cc0e51e,65+,F,537,2024-04-19,2024-04-26,7,INPATIENT,I50.22,Chronic systolic (congestive) heart failure,HEART_FAILURE,1771884131,Internal Medicine,Employed,MEDICARE,11533.98,PAID,0,1,batch_001,encounters_epic_north.csv,540
EPIC_NORTH:E7895494,EPIC_NORTH,E7895494,FAC001,Lakeshore General Hospital,Acute Care Hospital,cafd1fb952115643228e61f19cc145d2,18-39,F,543,2024-04-19,2024-04-24,5,INPATIENT,J44.1,Chronic obstructive pulmonary disease with (acute) exacerbation,COPD,1778486484,Internal Medicine,Employed,SELF_PAY,11913.07,PAID,0,1,batch_001,encounters_epic_north.csv,621
EPIC_NORTH:E7434457,EPIC_NORTH,E7434457,FAC001,Lakeshore General Hospital,Acute Care Hospital,f1beb7f6641c565f52cee063badf628c,40-64,M,541,2024-04-20,2024-04-29,9,INPATIENT,I50.22,Chronic systolic (congestive) heart failure,HEART_FAILURE,1452059979,Nephrology,Employed,COMMERCIAL,18590.74,PAID,0,1,batch_001,encounters_epic_north.csv,1314
EPIC_NORTH:E8207596,EPIC_NORTH,E8207596,FAC002,St. Brendan Medical Center,Acute Care Hospital,1d5d7fbfd028e733de2cc7dc8497e64e,40-64,F,537,2024-04-20,2024-04-21,1,INPATIENT,I50.22,Chronic systolic (congestive) heart failure,HEART_FAILURE,1642524775,Internal Medicine,Employed,COMMERCIAL,14456.48,PAID,0,1,batch_001,encounters_epic_north.csv,1167
EPIC_NORTH:E8852457,EPIC_NORTH,E8852457,FAC002,St. Brendan Medical Center,Acute Care Hospital,e7e9cfdd244fee5dc7e1ca24a099f786,65+,F,541,2024-04-25,2024-04-25,0,OBSERVATION,E11.65,Type 2 diabetes mellitus with hyperglycemia,DIABETES,1682052588,Cardiology,Affiliated,MEDICARE,9010.00,PAID,"",1,batch_001,encounters_epic_north.csv,204
EPIC_NORTH:E8254632,EPIC_NORTH,E8254632,FAC001,Lakeshore General Hospital,Acute Care Hospital,a5a9f88beab136e1b9bd875a3a9bdb69,40-64,F,532,2024-04-27,2024-05-07,10,INPATIENT,J44.1,Chronic obstructive pulmonary disease with (acute) exacerbation,COPD,1472671472,Cardiology,Affiliated,OTHER,36336.69,PAID,0,1,batch_001,encounters_epic_north.csv,742
EPIC_NORTH:E9123134,EPIC_NORTH,E9123134,FAC001,Lakeshore General Hospital,Acute Care Hospital,8bb568546f02a426fde99d505c4978e8,18-39,M,541,2024-04-27,2024-04-29,2,INPATIENT,J45.901,Unspecified asthma with (acute) exacerbation,ASTHMA,1440029787,Internal Medicine,Affiliated,OTHER,16794.85,PAID,0,1,batch_001,encounters_epic_north.csv,841
EPIC_NORTH:E6178981,EPIC_NORTH,E6178981,FAC001,Lakeshore General Hospital,Acute Care Hospital,9e89b6881d3cef318255c3b36d23ac9b,40-64,F,532,2024-04-28,2024-05-10,12,INPATIENT,J44.1,Chronic obstructive pulmonary disease with (acute) exacerbation,COPD,1778486484,Internal Medicine,Employed,MEDICARE,42442.68,PAID,0,1,batch_001,encounters_epic_north.csv,369
EPIC_NORTH:E4570171,EPIC_NORTH,E4570171,FAC001,Lakeshore General Hospital,Acute Care Hospital,d381c15017162cc2d38f061103b6ac9b,65+,M,531,2024-04-29,2024-04-29,0,OBSERVATION,E11.65,Type 2 diabetes mellitus with hyperglycemia,DIABETES,1787680457,Cardiology,Affiliated,MEDICARE,10319.70,PAID,"",1,batch_001,encounters_epic_north.csv,759
LEGACY_MEDITECH:123584,LEGACY_MEDITECH,123584,FAC004,Riverbend Community Hospital,Critical Access Hospital,c76de60b15149e6e9de02fb9d417e23a,65+,M,524,2024-05-01,2024-05-02,1,EMERGENCY,I10,Essential (primary) hypertension,HYPERTENSION,1764529123,Emergency Medicine,Employed,COMMERCIAL,7735.33,PAID,"",1,batch_001,encounters_legacy_meditech.csv,283
EPIC_NORTH:E1112042,EPIC_NORTH,E1112042,FAC001,Lakeshore General Hospital,Acute Care Hospital,7911c7d7842a53d4d86f524a3c0a4690,40-64,M,541,2024-05-03,2024-05-14,11,INPATIENT,I50.9,"Heart failure, unspecified",HEART_FAILURE,1787680457,Cardiology,Affiliated,COMMERCIAL,28116.38,PAID,0,1,batch_001,encounters_epic_north.csv,1245
EPIC_NORTH:E1211070,EPIC_NORTH,E1211070,FAC001,Lakeshore General Hospital,Acute Care Hospital,4ed71f948cbb07e3e75933ed522cb878,40-64,M,537,2024-05-03,2024-05-04,1,EMERGENCY,E11.65,Type 2 diabetes mellitus with hyperglycemia,DIABETES,1447294053,Emergency Medicine,Employed,UNKNOWN,8825.74,PAID,"",1,batch_001,encounters_epic_north.csv,868
EPIC_NORTH:E5969639,EPIC_NORTH,E5969639,FAC001,Lakeshore General Hospital,Acute Care Hospital,a9dc4500a8ac509ea8786bb0b6b6b269,65+,F,537,2024-05-06,2024-05-08,2,OBSERVATION,I10,Essential (primary) hypertension,HYPERTENSION,1139986982,Hospitalist,Employed,COMMERCIAL,9279.98,PAID,"",1,batch_003,encounters_epic_north.csv,33
EPIC_NORTH:E4065799,EPIC_NORTH,E4065799,FAC001,Lakeshore General Hospital,Acute Care Hospital,72249e9860daa21c06bb476e50750580,40-64,F,537,2024-05-08,2024-05-17,9,INPATIENT,I10,Essential (primary) hypertension,HYPERTENSION,1778486484,Internal Medicine,Employed,COMMERCIAL,21375.76,PAID,1,1,batch_001,encounters_epic_north.csv,647
EPIC_NORTH:E4276885,EPIC_NORTH,E4276885,FAC002,St. Brendan Medical Center,Acute Care Hospital,6758a05c8aad9e069d815ca3d1cffada,18-39,F,541,2024-05-10,2024-05-14,4,INPATIENT,J45.901,Unspecified asthma with (acute) exacerbation,ASTHMA,1682052588,Cardiology,Affiliated,COMMERCIAL,8171.08,DENIED,0,1,batch_001,encounters_epic_north.csv,965
EPIC_NORTH:E6624627,EPIC_NORTH,E6624627,FAC001,Lakeshore General Hospital,Acute Care Hospital,2d5379ca2819165130ac032060eb6bd8,40-64,M,537,2024-05-12,2024-05-24,12,INPATIENT,J44.1,Chronic obstructive pulmonary disease with (acute) exacerbation,COPD,1536455680,Hospitalist,Affiliated,COMMERCIAL,28718.50,PAID,0,1,batch_001,encounters_epic_north.csv,940
LEGACY_MEDITECH:138967,LEGACY_MEDITECH,138967,FAC004,Riverbend Community Hospital,Critical Access Hospital,814f20048a7c10b3a5a4e5bc3e943b18,18-39,F,520,2024-05-15,2024-05-23,8,INPATIENT,J45.901,Unspecified asthma with (acute) exacerbation,ASTHMA,1129110288,Hospitalist,Affiliated,COMMERCIAL,12236.67,PAID,1,1,batch_001,encounters_legacy_meditech.csv,195
LEGACY_MEDITECH:133262,LEGACY_MEDITECH,133262,FAC004,Riverbend Community Hospital,Critical Access Hospital,4f928c15d3a4386b139a7f71fc6af6c1,65+,F,520,2024-05-16,2024-05-17,1,INPATIENT,I50.22,Chronic systolic (congestive) heart failure,HEART_FAILURE,1406925663,Hospitalist,Affiliated,MEDICARE,9548.48,PAID,1,1,batch_001,encounters_legacy_meditech.csv,193
EPIC_NORTH:E1303865,EPIC_NORTH,E1303865,FAC001,Lakeshore General Hospital,Acute Care Hospital,4f928c15d3a4386b139a7f71fc6af6c1,65+,F,520,2024-05-18,2024-05-28,10,INPATIENT,J44.1,Chronic obstructive pulmonary disease with (acute) exacerbation,COPD,1472671472,Cardiology,Affiliated,MEDICARE,89077.36,PAID,1,1,batch_001,encounters_epic_north.csv,511
EPIC_NORTH:E4380402,EPIC_NORTH,E4380402,FAC002,St. Brendan Medical Center,Acute Care Hospital,ef51d451974a92791526086ac17214e6,65+,M,531,2024-05-18,2024-05-27,9,INPATIENT,N18.6,End stage renal disease,CKD,1008754750,Hospitalist,Employed,COMMERCIAL,26306.15,PAID,0,1,batch_001,encounters_epic_north.csv,253
EPIC_NORTH:E7260349,EPIC_NORTH,E7260349,FAC001,Lakeshore General Hospital,Acute Care Hospital,7481658d3477c53a42d934376c67f961,40-64,M,537,2024-05-18,2024-05-26,8,INPATIENT,N18.6,End stage renal disease,CKD,1309114175,Hospitalist,Employed,COMMERCIAL,55981.63,PAID,0,1,batch_001,encounters_epic_north.csv,801
EPIC_NORTH:E7766784,EPIC_NORTH,E7766784,FAC001,Lakeshore General Hospital,Acute Care Hospital,d3338e03f5582005c74fe62a92080561,40-64,M,531,2024-05-22,2024-05-26,4,INPATIENT,E11.65,Type 2 diabetes mellitus with hyperglycemia,DIABETES,1139986982,Hospitalist,Employed,COMMERCIAL,24722.65,PAID,1,1,batch_001,encounters_epic_north.csv,206
EPIC_NORTH:E5130937,EPIC_NORTH,E5130937,FAC001,Lakeshore General Hospital,Acute Care Hospital,ebecb3ab89d55495b8e135452a90af05,40-64,M,541,2024-05-25,2024-06-04,10,INPATIENT,N18.6,End stage renal disease,CKD,1309114175,Hospitalist,Employed,COMMERCIAL,14248.99,PAID,0,1,batch_001,encounters_epic_north.csv,315
LEGACY_MEDITECH:104050,LEGACY_MEDITECH,104050,FAC004,Riverbend Community Hospital,Critical Access Hospital,78a67724e125b78dc05f2a9b05af130e,40-64,F,531,2024-05-26,2024-06-04,9,INPATIENT,I10,Essential (primary) hypertension,HYPERTENSION,1406925663,Hospitalist,Affiliated,MEDICAID,28084.96,PAID,0,1,batch_001,encounters_legacy_meditech.csv,282
LEGACY_MEDITECH:119357,LEGACY_MEDITECH,119357,FAC004,Riverbend Community Hospital,Critical Access Hospital,72249e9860daa21c06bb476e50750580,40-64,F,537,2024-05-30,2024-06-02,3,INPATIENT,I10,Essential (primary) hypertension,HYPERTENSION,1406925663,Hospitalist,Affiliated,COMMERCIAL,17846.17,PAID,0,1,batch_001,encounters_legacy_meditech.csv,235
LEGACY_MEDITECH:124987,LEGACY_MEDITECH,124987,FAC004,Riverbend Community Hospital,Critical Access Hospital,1a923ddfd77cb98be0c5019fccc9d8e0,40-64,M,520,2024-05-30,2024-06-10,11,INPATIENT,I50.22,Chronic systolic (congestive) heart failure,HEART_FAILURE,1129110288,Hospitalist,Affiliated,MEDICAID,19126.56,PAID,0,1,batch_001,encounters_legacy_meditech.csv,287
EPIC_NORTH:E8916420,EPIC_NORTH,E8916420,FAC002,St. Brendan Medical Center,Acute Care Hospital,5b710079d93c10d512b541c44238ae39,18-39,F,537,2024-05-31,2024-06-08,8,INPATIENT,I10,Essential (primary) hypertension,HYPERTENSION,1836016109,Hospitalist,Employed,OTHER,15513.62,PAID,1,1,batch_001,encounters_epic_north.csv,656
EPIC_NORTH:E8458442,EPIC_NORTH,E8458442,FAC002,St. Brendan Medical Center,Acute Care Hospital,0e667f2d2919bddf7980ee977a94a67d,40-64,M,543,2024-06-01,2024-06-02,1,OBSERVATION,I50.9,"Heart failure, unspecified",HEART_FAILURE,1771884131,Internal Medicine,Employed,COMMERCIAL,6967.68,DENIED,"",1,batch_001,encounters_epic_north.csv,1362
EPIC_NORTH:E3638391,EPIC_NORTH,E3638391,FAC001,Lakeshore General Hospital,Acute Care Hospital,a8300911131fce494e129739afeece2d,40-64,M,541,2024-06-02,2024-06-05,3,INPATIENT,E11.65,Type 2 diabetes mellitus with hyperglycemia,DIABETES,1701079810,Pulmonology,Employed,COMMERCIAL,11703.85,PAID,0,1,batch_001,encounters_epic_north.csv,934
EPIC_NORTH:E8108473,EPIC_NORTH,E8108473,FAC001,Lakeshore General Hospital,Acute Care Hospital,df164f81e6afe761f31c275979896c39,40-64,M,537,2024-06-02,2024-06-09,7,INPATIENT,I10,Essential (primary) hypertension,HYPERTENSION,1309114175,Hospitalist,Employed,MEDICAID,67427.75,PAID,1,1,batch_001,encounters_epic_north.csv,324
EPIC_NORTH:E7824966,EPIC_NORTH,E7824966,FAC002,St. Brendan Medical Center,Acute Care Hospital,8dbaf082fb35e5aa9e3e34ed1af543f2,40-64,F,532,2024-06-03,2024-06-07,4,INPATIENT,E11.65,Type 2 diabetes mellitus with hyperglycemia,DIABETES,1682052588,Cardiology,Affiliated,COMMERCIAL,37476.44,PAID,0,1,batch_001,encounters_epic_north.csv,1081
LEGACY_MEDITECH:117121,LEGACY_MEDITECH,117121,FAC004,Riverbend Community Hospital,Critical Access Hospital,f7de9578403a81c9cc43da57da6bd88a,40-64,M,520,2024-06-03,2024-06-10,7,INPATIENT,N18.6,End stage renal disease,CKD,1129110288,Hospitalist,Affiliated,COMMERCIAL,17118.95,PAID,0,1,batch_001,encounters_legacy_meditech.csv,312
EPIC_NORTH:E2343053,EPIC_NORTH,E2343053,FAC001,Lakeshore General Hospital,Acute Care Hospital,776b04a21429807b12cb89410d348493,40-64,M,537,2024-06-05,2024-06-15,10,INPATIENT,I10,Essential (primary) hypertension,HYPERTENSION,1139986982,Hospitalist,Employed,COMMERCIAL,53600.56,PAID,0,1,batch_001,encounters_epic_north.csv,203
EPIC_NORTH:E5528842,EPIC_NORTH,E5528842,FAC001,Lakeshore General Hospital,Acute Care Hospital,e2db11b88a6c2e7bb5adfb92d6f8b194,65+,M,532,2024-06-05,2024-06-12,7,INPATIENT,N18.6,End stage renal disease,CKD,1452059979,Nephrology,Employed,MEDICARE,40203.99,PAID,0,1,batch_001,encounters_epic_north.csv,1023
EPIC_NORTH:E7863594,EPIC_NORTH,E7863594,FAC001,Lakeshore General Hospital,Acute Care Hospital,a43505cac1ab5bf6e6d0ba9d92b02fcb,40-64,M,532,2024-06-05,2024-06-14,9,INPATIENT,N18.6,End stage renal disease,CKD,1440029787,Internal Medicine,Affiliated,COMMERCIAL,60402.92,PAID,0,1,batch_001,encounters_epic_north.csv,1210
EPIC_NORTH:E8074818,EPIC_NORTH,E8074818,FAC002,St. Brendan Medical Center,Acute Care Hospital,64a0e4ee7c6751eb5a99c5002b07924c,40-64,M,541,2024-06-06,2024-06-08,2,OBSERVATION,J44.1,Chronic obstructive pulmonary disease with (acute) exacerbation,COPD,1008754750,Hospitalist,Employed,COMMERCIAL,15133.72,DENIED,"",1,batch_001,encounters_epic_north.csv,44
LEGACY_MEDITECH:117351,LEGACY_MEDITECH,117351,FAC004,Riverbend Community Hospital,Critical Access Hospital,0db02e0f479187e1938b9a03082b058a,40-64,F,520,2024-06-06,2024-06-10,4,INPATIENT,J44.1,Chronic obstructive pulmonary disease with (acute) exacerbation,COPD,1406925663,Hospitalist,Affiliated,COMMERCIAL,24664.93,PAID,0,1,batch_001,encounters_legacy_meditech.csv,178
EPIC_NORTH:E9598091,EPIC_NORTH,E9598091,FAC002,St. Brendan Medical Center,Acute Care Hospital,733e7147871509144b9f5207a03ad11c,40-64,M,532,2024-06-07,2024-06-07,0,EMERGENCY,N18.6,End stage renal disease,CKD,1028382228,Emergency Medicine,Employed,MEDICAID,7623.92,PAID,"",1,batch_001,encounters_epic_north.csv,116
EPIC_NORTH:E7537719,EPIC_NORTH,E7537719,FAC001,Lakeshore General Hospital,Acute Care Hospital,d3338e03f5582005c74fe62a92080561,40-64,M,531,2024-06-11,2024-06-17,6,INPATIENT,N18.6,End stage renal disease,CKD,1472671472,Cardiology,Affiliated,COMMERCIAL,26061.03,PAID,1,1,batch_001,encounters_epic_north.csv,260
EPIC_NORTH:E4765832,EPIC_NORTH,E4765832,FAC002,St. Brendan Medical Center,Acute Care Hospital,5b710079d93c10d512b541c44238ae39,18-39,F,537,2024-06-13,2024-06-21,8,INPATIENT,I10,Essential (primary) hypertension,HYPERTENSION,1105218543,Nephrology,Employed,OTHER,85332.24,PAID,0,1,batch_001,encounters_epic_north.csv,1415
LEGACY_MEDITECH:127220,LEGACY_MEDITECH,127220,FAC004,Riverbend Community Hospital,Critical Access Hospital,ff76cabab32ee74889cc89b2cbaccc6e,40-64,M,524,2024-06-13,2024-06-22,9,INPATIENT,J44.1,Chronic obstructive pulmonary disease with (acute) exacerbation,COPD,1585003704,Internal Medicine,Affiliated,MEDICAID,21023.77,PAID,0,1,batch_001,encounters_legacy_meditech.csv,150
EPIC_NORTH:E2427695,EPIC_NORTH,E2427695,FAC001,Lakeshore General Hospital,Acute Care Hospital,3c4eb0785eafcf9ee760d4dc91f19223,40-64,M,541,2024-06-14,2024-06-26,12,INPATIENT,I50.9,"Heart failure, unspecified",HEART_FAILURE,1701079810,Pulmonology,Employed,COMMERCIAL,59130.33,PAID,0,1,batch_001,encounters_epic_north.csv,1070
EPIC_NORTH:E6484436,EPIC_NORTH,E6484436,FAC001,Lakeshore General Hospital,Acute Care Hospital,10f2fcc13b45659467df86fa061a644f,40-64,F,541,2024-06-16,2024-06-20,4,INPATIENT,I50.9,"Heart failure, unspecified",HEART_FAILURE,1139986982,Hospitalist,Employed,COMMERCIAL,94901.18,PAID,1,1,batch_001,encounters_epic_north.csv,628
EPIC_NORTH:E5559923,EPIC_NORTH,E5559923,FAC001,Lakeshore General Hospital,Acute Care Hospital,245e9b9fb6afbbccb66f115ff9d07388,40-64,F,520,2024-06-18,2024-06-29,11,INPATIENT,N18.6,End stage renal disease,CKD,1778486484,Internal Medicine,Employed,COMMERCIAL,72220.55,PAID,0,1,batch_001,encounters_epic_north.csv,701
EPIC_NORTH:E1862886,EPIC_NORTH,E1862886,FAC002,St. Brendan Medical Center,Acute Care Hospital,814f20048a7c10b3a5a4e5bc3e943b18,18-39,F,520,2024-06-22,2024-06-29,7,INPATIENT,J45.901,Unspecified asthma with (acute) exacerbation,ASTHMA,1682052588,Cardiology,Affiliated,COMMERCIAL,14660.59,PAID,0,1,batch_001,encounters_epic_north.csv,745
EPIC_NORTH:E3012899,EPIC_NORTH,E3012899,FAC001,Lakeshore General Hospital,Acute Care Hospital,d3338e03f5582005c74fe62a92080561,40-64,M,531,2024-06-24,2024-07-06,12,INPATIENT,N18.6,End stage renal disease,CKD,1787680457,Cardiology,Affiliated,COMMERCIAL,25142.83,PAID,0,1,batch_001,encounters_epic_north.csv,1402
EPIC_NORTH:E7810269,EPIC_NORTH,E7810269,FAC001,Lakeshore General Hospital,Acute Care Hospital,10f2fcc13b45659467df86fa061a644f,40-64,F,541,2024-06-24,2024-06-29,5,INPATIENT,I50.22,Chronic systolic (congestive) heart failure,HEART_FAILURE,1778486484,Internal Medicine,Employed,COMMERCIAL,91831.57,PAID,0,1,batch_001,encounters_epic_north.csv,1248
EPIC_NORTH:E1794959,EPIC_NORTH,E1794959,FAC002,St. Brendan Medical Center,Acute Care Hospital,9373f4de2e5264beacd9861f4bdbb81f,40-64,M,543,2024-06-27,2024-07-03,6,INPATIENT,N18.6,End stage renal disease,CKD,1642524775,Internal Medicine,Employed,OTHER,64992.31,PAID,0,1,batch_001,encounters_epic_north.csv,1019
EPIC_NORTH:E3529572,EPIC_NORTH,E3529572,FAC002,St. Brendan Medical Center,Acute Care Hospital,62bf96b513cb019b19c36ff3d17900d9,18-39,F,543,2024-06-28,2024-06-28,0,OBSERVATION,E11.65,Type 2 diabetes mellitus with hyperglycemia,DIABETES,1682052588,Cardiology,Affiliated,COMMERCIAL,5796.06,PAID,"",1,batch_001,encounters_epic_north.csv,971
EPIC_NORTH:E5640774,EPIC_NORTH,E5640774,FAC002,St. Brendan Medical Center,Acute Care Hospital,64a0e4ee7c6751eb5a99c5002b07924c,40-64,M,541,2024-06-28,2024-06-28,0,EMERGENCY,J44.1,Chronic obstructive pulmonary disease with (acute) exacerbation,COPD,1229836956,Emergency Medicine,Affiliated,COMMERCIAL,6659.52,PAID,"",1,batch_001,encounters_epic_north.csv,1224
LEGACY_MEDITECH:111377,LEGACY_MEDITECH,111377,FAC004,Riverbend Community Hospital,Critical Access Hospital,0db02e0f479187e1938b9a03082b058a,40-64,F,520,2024-06-29,2024-06-29,0,EMERGENCY,J44.1,Chronic obstructive pulmonary disease with (acute) exacerbation,COPD,1228088641,Emergency Medicine,Affiliated,COMMERCIAL,9450.79,PAID,"",1,batch_001,encounters_legacy_meditech.csv,201
EPIC_NORTH:E8067904,EPIC_NORTH,E8067904,FAC002,St. Brendan Medical Center,Acute Care Hospital,62fc30b8f9737dc21bb123ae2d6095e2,65+,F,531,2024-07-01,2024-07-13,12,INPATIENT,E11.65,Type 2 diabetes mellitus with hyperglycemia,DIABETES,1129110288,Hospitalist,Affiliated,MEDICARE,30389.51,PAID,0,1,batch_001,encounters_epic_north.csv,373
EPIC_NORTH:E8430543,EPIC_NORTH,E8430543,FAC001,Lakeshore General Hospital,Acute Care Hospital,1bd35dcaabc1ca58db648fc5d2d40475,65+,F,532,2024-07-01,2024-07-07,6,INPATIENT,I50.9,"Heart failure, unspecified",HEART_FAILURE,1139986982,Hospitalist,Employed,MEDICARE,69376.04,PAID,0,1,batch_001,encounters_epic_north.csv,944
EPIC_NORTH:E2540543,EPIC_NORTH,E2540543,FAC001,Lakeshore General Hospital,Acute Care Hospital,df164f81e6afe761f31c275979896c39,40-64,M,537,2024-07-02,2024-07-06,4,INPATIENT,I10,Essential (primary) hypertension,HYPERTENSION,,,,MEDICAID,9140.00,PAID,0,1,batch_001,encounters_epic_north.csv,167
EPIC_NORTH:E6183055,EPIC_NORTH,E6183055,FAC002,St. Brendan Medical Center,Acute Care Hospital,0e667f2d2919bddf7980ee977a94a67d,40-64,M,543,2024-07-03,2024-07-03,0,OBSERVATION,I50.22,Chronic systolic (congestive) heart failure,HEART_FAILURE,1008754750,Hospitalist,Employed,COMMERCIAL,11219.16,PAID,"",1,batch_001,encounters_epic_north.csv,1292
EPIC_NORTH:E2893427,EPIC_NORTH,E2893427,FAC001,Lakeshore General Hospital,Acute Care Hospital,6fb5107a6e5f877ba20ac284d40d5a43,18-39,M,541,2024-07-04,2024-07-16,12,INPATIENT,I50.22,Chronic systolic (congestive) heart failure,HEART_FAILURE,1139986982,Hospitalist,Employed,COMMERCIAL,11442.90,DENIED,0,1,batch_001,encounters_epic_north.csv,1058
LEGACY_MEDITECH:103034,LEGACY_MEDITECH,103034,FAC004,Riverbend Community Hospital,Critical Access Hospital,78a67724e125b78dc05f2a9b05af130e,40-64,F,531,2024-07-05,2024-07-08,3,INPATIENT,E11.65,Type 2 diabetes mellitus with hyperglycemia,DIABETES,1585003704,Internal Medicine,Affiliated,MEDICAID,81661.17,PAID,0,1,batch_001,encounters_legacy_meditech.csv,279
EPIC_NORTH:E1689751,EPIC_NORTH,E1689751,FAC002,St. Brendan Medical Center,Acute Care Hospital,a547aed7e31c5ff9f5b3cd1e50f8e6e6,40-64,F,537,2024-07-06,2024-07-14,8,INPATIENT,N18.6,End stage renal disease,CKD,1105218543,Nephrology,Employed,SELF_PAY,10605.37,PAID,0,1,batch_001,encounters_epic_north.csv,1108
EPIC_NORTH:E4182149,EPIC_NORTH,E4182149,FAC001,Lakeshore General Hospital,Acute Care Hospital,be9a48f2581054084f7a482bf9bfa6a2,40-64,F,531,2024-07-06,2024-07-14,8,INPATIENT,I10,Essential (primary) hypertension,HYPERTENSION,1536455680,Hospitalist,Affiliated,MEDICAID,17118.19,PAID,0,1,batch_001,encounters_epic_north.csv,494
EPIC_NORTH:E2879699,EPIC_NORTH,E2879699,FAC002,St. Brendan Medical Center,Acute Care Hospital,64be89b3359d971f96467d9c21816c2f,UNKNOWN,F,532,2024-07-09,2024-07-09,0,OBSERVATION,I10,Essential (primary) hypertension,HYPERTENSION,1352866754,,,COMMERCIAL,12937.70,DENIED,"",1,batch_001,encounters_epic_north.csv,809
EPIC_NORTH:E4426066,EPIC_NORTH,E4426066,FAC002,St. Brendan Medical Center,Acute Care Hospital,2770dcb752829b984901abe2bb2d98ba,18-39,M,524,2024-07-11,2024-07-12,1,INPATIENT,I50.22,Chronic systolic (congestive) heart failure,HEART_FAILURE,1129110288,Hospitalist,Affiliated,COMMERCIAL,44713.19,PAID,0,1,batch_001,encounters_epic_north.csv,161
EPIC_NORTH:E5873258,EPIC_NORTH,E5873258,FAC002,St. Brendan Medical Center,Acute Care Hospital,9373f4de2e5264beacd9861f4bdbb81f,40-64,M,543,2024-07-11,2024-07-11,0,EMERGENCY,N18.6,End stage renal disease,CKD,1229836956,Emergency Medicine,Affiliated,OTHER,5424.76,PAID,"",1,batch_001,encounters_epic_north.csv,174
EPIC_NORTH:E6482007,EPIC_NORTH,E6482007,FAC002,St. Brendan Medical Center,Acute Care Hospital,4ee450472472d9fcd0a0473a1d9affc7,40-64,F,520,2024-07-11,2024-07-17,6,INPATIENT,J44.1,Chronic obstructive pulmonary disease with (acute) exacerbation,COPD,1939494823,Pulmonology,Employed,COMMERCIAL,71763.87,PAID,0,1,batch_001,encounters_epic_north.csv,102
EPIC_NORTH:E8603875,EPIC_NORTH,E8603875,FAC001,Lakeshore General Hospital,Acute Care Hospital,0f766d24be4e94ecb0d574b63729e9d8,40-64,F,541,2024-07-12,2024-07-17,5,INPATIENT,J44.1,Chronic obstructive pulmonary disease with (acute) exacerbation,COPD,1139986982,Hospitalist,Employed,MEDICAID,83023.14,PAID,0,1,batch_001,encounters_epic_north.csv,52
LEGACY_MEDITECH:136241,LEGACY_MEDITECH,136241,FAC004,Riverbend Community Hospital,Critical Access Hospital,f7de9578403a81c9cc43da57da6bd88a,40-64,M,520,2024-07-15,2024-07-15,0,EMERGENCY,N18.6,End stage renal disease,CKD,1930733682,Emergency Medicine,Affiliated,COMMERCIAL,6357.20,PAID,"",1,batch_001,encounters_legacy_meditech.csv,239
EPIC_NORTH:E9427404,EPIC_NORTH,E9427404,FAC002,St. Brendan Medical Center,Acute Care Hospital,346e4832bfed11b9b809e7dd74b0a5a0,65+,F,520,2024-07-16,2024-07-24,8,INPATIENT,I10,Essential (primary) hypertension,HYPERTENSION,1836016109,Hospitalist,Employed,COMMERCIAL,47956.87,PAID,0,1,batch_001,encounters_epic_north.csv,365
EPIC_NORTH:E8876545,EPIC_NORTH,E8876545,FAC001,Lakeshore General Hospital,Acute Care Hospital,a43505cac1ab5bf6e6d0ba9d92b02fcb,40-64,M,532,2024-07-18,2024-07-21,3,INPATIENT,N18.6,End stage renal disease,CKD,1472671472,Cardiology,Employed,COMMERCIAL,23296.27,PAID,0,2,batch_002,encounters_epic_north.csv,106
EPIC_NORTH:E4600103,EPIC_NORTH,E4600103,FAC002,St. Brendan Medical Center,Acute Care Hospital,90438f553ff5bb01b7a81f21ca7117c0,40-64,M,543,2024-07-23,2024-07-30,7,INPATIENT,I50.9,"Heart failure, unspecified",HEART_FAILURE,1771884131,Internal Medicine,Employed,COMMERCIAL,9068.23,PAID,0,1,batch_001,encounters_epic_north.csv,1383
EPIC_NORTH:E6395696,EPIC_NORTH,E6395696,FAC001,Lakeshore General Hospital,Acute Care Hospital,d3082ae7c7fa1c6aef906343acacbd1b,40-64,M,541,2024-07-23,2024-07-24,1,EMERGENCY,I10,Essential (primary) hypertension,HYPERTENSION,1447294053,Emergency Medicine,Employed,COMMERCIAL,8630.54,PAID,"",1,batch_001,encounters_epic_north.csv,744
EPIC_NORTH:E8219776,EPIC_NORTH,E8219776,FAC002,St. Brendan Medical Center,Acute Care Hospital,b4e552fd1d3436233a002d15ddc68b75,65+,M,541,2024-07-25,2024-07-25,0,EMERGENCY,J44.1,Chronic obstructive pulmonary disease with (acute) exacerbation,COPD,1229836956,Emergency Medicine,Affiliated,MEDICARE,7806.31,PAID,"",1,batch_001,encounters_epic_north.csv,874
EPIC_NORTH:E8476105,EPIC_NORTH,E8476105,FAC002,St. Brendan Medical Center,Acute Care Hospital,50bd7035585c44b0f138347c817dad59,40-64,M,531,2024-07-28,2024-08-06,9,INPATIENT,E11.65,Type 2 diabetes mellitus with hyperglycemia,DIABETES,1008754750,Hospitalist,Employed,COMMERCIAL,17782.68,PAID,0,1,batch_001,encounters_epic_north.csv,1089
EPIC_NORTH:E2600248,EPIC_NORTH,E2600248,FAC001,Lakeshore General Hospital,Acute Care Hospital,3c4eb0785eafcf9ee760d4dc91f19223,40-64,M,541,2024-07-29,2024-08-08,10,INPATIENT,J44.1,Chronic obstructive pulmonary disease with (acute) exacerbation,COPD,1139986982,Hospitalist,Employed,COMMERCIAL,68229.70,PAID,0,1,batch_001,encounters_epic_north.csv,318
LEGACY_MEDITECH:103456,LEGACY_MEDITECH,103456,FAC004,Riverbend Community Hospital,Critical Access Hospital,1a923ddfd77cb98be0c5019fccc9d8e0,40-64,M,520,2024-08-01,2024-08-06,5,INPATIENT,I50.9,"Heart failure, unspecified",HEART_FAILURE,1585003704,Internal Medicine,Affiliated,MEDICAID,17256.37,PAID,0,1,batch_001,encounters_legacy_meditech.csv,291
EPIC_NORTH:E5771544,EPIC_NORTH,E5771544,FAC002,St. Brendan Medical Center,Acute Care Hospital,5edba1d7c984a503d756b98ec8161e4d,18-39,M,532,2024-08-02,2024-08-05,3,INPATIENT,J45.901,Unspecified asthma with (acute) exacerbation,ASTHMA,1939494823,Pulmonology,Employed,COMMERCIAL,8668.45,PAID,0,2,batch_002,encounters_epic_north.csv,62
EPIC_NORTH:E6100850,EPIC_NORTH,E6100850,FAC002,St. Brendan Medical Center,Acute Care Hospital,245e9b9fb6afbbccb66f115ff9d07388,40-64,F,520,2024-08-02,2024-08-08,6,INPATIENT,N18.6,End stage renal disease,CKD,1939494823,Pulmonology,Employed,COMMERCIAL,20126.01,PAID,0,1,batch_001,encounters_epic_north.csv,1319
LEGACY_MEDITECH:107017,LEGACY_MEDITECH,107017,FAC004,Riverbend Community Hospital,Critical Access Hospital,1672ed27428bd840513793b03fa0395c,65+,M,524,2024-08-03,2024-08-04,1,EMERGENCY,N18.6,End stage renal disease,CKD,1228088641,Emergency Medicine,Employed,MEDICARE,8689.06,PAID,"",1,batch_003,encounters_legacy_meditech.csv,26
EPIC_NORTH:E3347874,EPIC_NORTH,E3347874,FAC002,St. Brendan Medical Center,Acute Care Hospital,68fdb58677938d874f2c258efb1a6772,40-64,M,543,2024-08-04,2024-08-08,4,INPATIENT,J44.1,Chronic obstructive pulmonary disease with (acute) exacerbation,COPD,1129110288,Hospitalist,Affiliated,MEDICAID,86717.87,PAID,1,1,batch_001,encounters_epic_north.csv,1286
EPIC_NORTH:E2003675,EPIC_NORTH,E2003675,FAC002,St. Brendan Medical Center,Acute Care Hospital,f7661dc863f7f42b0e8729043a458622,40-64,M,543,2024-08-06,2024-08-17,11,INPATIENT,I50.22,Chronic systolic (congestive) heart failure,HEART_FAILURE,1939494823,Pulmonology,Employed,COMMERCIAL,11584.73,PAID,1,1,batch_001,encounters_epic_north.csv,361
EPIC_NORTH:E8512475,EPIC_NORTH,E8512475,FAC001,Lakeshore General Hospital,Acute Care Hospital,73aa7737c89addb1b51657e1455bb208,40-64,F,543,2024-08-07,2024-08-08,1,INPATIENT,E11.65,Type 2 diabetes mellitus with hyperglycemia,DIABETES,1552182481,Hospitalist,Employed,COMMERCIAL,21757.72,PAID,0,1,batch_001,encounters_epic_north.csv,1088
EPIC_NORTH:E5185413,EPIC_NORTH,E5185413,FAC001,Lakeshore General Hospital,Acute Care Hospital,aa88e1a04f251bc4c533c7c32a14acb5,18-39,F,531,2024-08-11,2024-08-12,1,OBSERVATION,J44.1,Chronic obstructive pulmonary disease with (acute) exacerbation,COPD,1472671472,Cardiology,Employed,COMMERCIAL,10937.28,PAID,"",1,batch_001,encounters_epic_north.csv,840
EPIC_NORTH:E9575614,EPIC_NORTH,E9575614,FAC001,Lakeshore General Hospital,Acute Care Hospital,72e2f32488525cd71021797a81aa587a,40-64,M,532,2024-08-18,2024-08-18,0,EMERGENCY,N18.6,End stage renal disease,CKD,1447294053,Emergency Medicine,Employed,COMMERCIAL,6084.75,DENIED,"",1,batch_001,encounters_epic_north.csv,838
LEGACY_MEDITECH:124458,LEGACY_MEDITECH,124458,FAC004,Riverbend Community Hospital,Critical Access Hospital,2aebbac0cda9713fa9c284eebebc579f,65+,M,537,2024-08-19,2024-08-21,2,OBSERVATION,I50.22,Chronic systolic (congestive) heart failure,HEART_FAILURE,1406925663,Hospitalist,Affiliated,MEDICARE,6426.85,PAID,"",1,batch_001,encounters_legacy_meditech.csv,3
EPIC_NORTH:E3411661,EPIC_NORTH,E3411661,FAC001,Lakeshore General Hospital,Acute Care Hospital,7481658d3477c53a42d934376c67f961,40-64,M,537,2024-08-20,2024-08-28,8,INPATIENT,N18.6,End stage renal disease,CKD,1472671472,Cardiology,Employed,COMMERCIAL,21011.65,PAID,0,1,batch_001,encounters_epic_north.csv,1371
EPIC_NORTH:E4054325,EPIC_NORTH,E4054325,FAC001,Lakeshore General Hospital,Acute Care Hospital,f7661dc863f7f42b0e8729043a458622,40-64,M,543,2024-08-27,2024-09-05,9,INPATIENT,I10,Essential (primary) hypertension,HYPERTENSION,1472671472,Cardiology,Employed,COMMERCIAL,13446.69,PAID,0,1,batch_001,encounters_epic_north.csv,1200
EPIC_NORTH:E6108066,EPIC_NORTH,E6108066,FAC001,Lakeshore General Hospital,Acute Care Hospital,b25ab6bc2a2070315cbac497ef947c29,18-39,M,532,2024-08-27,2024-09-02,6,INPATIENT,N18.6,End stage renal disease,CKD,1472671472,Cardiology,Employed,COMMERCIAL,16619.66,PAID,0,1,batch_001,encounters_epic_north.csv,1008
LEGACY_MEDITECH:133691,LEGACY_MEDITECH,133691,FAC004,Riverbend Community Hospital,Critical Access Hospital,c599b725c24b470f4788358682595ef5,40-64,F,520,2024-08-27,2024-09-03,7,INPATIENT,E11.65,Type 2 diabetes mellitus with hyperglycemia,DIABETES,1585003704,Internal Medicine,Affiliated,MEDICAID,14555.01,PAID,0,1,batch_001,encounters_legacy_meditech.csv,227
EPIC_NORTH:E2628417,EPIC_NORTH,E2628417,FAC002,St. Brendan Medical Center,Acute Care Hospital,6758a05c8aad9e069d815ca3d1cffada,18-39,F,541,2024-08-28,2024-09-06,9,INPATIENT,J45.901,Unspecified asthma with (acute) exacerbation,ASTHMA,1008754750,Hospitalist,Employed,COMMERCIAL,15315.56,PAID,1,1,batch_001,encounters_epic_north.csv,485
EPIC_NORTH:E2874141,EPIC_NORTH,E2874141,FAC002,St. Brendan Medical Center,Acute Care Hospital,f68151430542331b835a3a0df0ccaadb,40-64,M,541,2024-08-29,2024-08-29,0,EMERGENCY,I50.9,"Heart failure, unspecified",HEART_FAILURE,1229836956,Emergency Medicine,Affiliated,COMMERCIAL,11320.05,PAID,"",1,batch_001,encounters_epic_north.csv,532
EPIC_NORTH:E1707661,EPIC_NORTH,E1707661,FAC001,Lakeshore General Hospital,Acute Care Hospital,7911c7d7842a53d4d86f524a3c0a4690,65+,M,541,2024-08-31,2024-08-31,0,EMERGENCY,I50.22,Chronic systolic (congestive) heart failure,HEART_FAILURE,1860320807,Emergency Medicine,Employed,COMMERCIAL,5891.90,PAID,"",1,batch_001,encounters_epic_north.csv,580
EPIC_NORTH:E4839285,EPIC_NORTH,E4839285,FAC002,St. Brendan Medical Center,Acute Care Hospital,fdd333fc75228e60ebfb58f2f03fa7fd,65+,F,532,2024-08-31,2024-09-01,1,OBSERVATION,E11.65,Type 2 diabetes mellitus with hyperglycemia,DIABETES,1682052588,Cardiology,Affiliated,COMMERCIAL,13906.54,PAID,"",1,batch_001,encounters_epic_north.csv,74
EPIC_NORTH:E8409592,EPIC_NORTH,E8409592,FAC001,Lakeshore General Hospital,Acute Care Hospital,68fdb58677938d874f2c258efb1a6772,40-64,M,543,2024-08-31,2024-09-04,4,INPATIENT,J44.1,Chronic obstructive pulmonary disease with (acute) exacerbation,COPD,1440029787,Internal Medicine,Employed,MEDICAID,29793.24,PAID,0,1,batch_001,encounters_epic_north.csv,1430
EPIC_NORTH:E1348191,EPIC_NORTH,E1348191,FAC001,Lakeshore General Hospital,Acute Care Hospital,6ab50646b1d75bd792d0a30b4f18815b,18-39,M,537,2024-09-02,2024-09-12,10,INPATIENT,I10,Essential (primary) hypertension,HYPERTENSION,1552182481,Hospitalist,Employed,COMMERCIAL,87256.60,PAID,0,1,batch_001,encounters_epic_north.csv,1211
EPIC_NORTH:E9934961,EPIC_NORTH,E9934961,FAC001,Lakeshore General Hospital,Acute Care Hospital,6fb5107a6e5f877ba20ac284d40d5a43,18-39,M,541,2024-09-03,2024-09-11,8,INPATIENT,I50.9,"Heart failure, unspecified",HEART_FAILURE,1472671472,Cardiology,Employed,COMMERCIAL,35937.16,DENIED,1,1,batch_001,encounters_epic_north.csv,1225
EPIC_NORTH:E3016046,EPIC_NORTH,E3016046,FAC001,Lakeshore General Hospital,Acute Care Hospital,d3082ae7c7fa1c6aef906343acacbd1b,40-64,M,541,2024-09-04,2024-09-06,2,OBSERVATION,I10,Essential (primary) hypertension,HYPERTENSION,1309114175,Hospitalist,Employed,COMMERCIAL,7807.92,PAID,"",1,batch_001,encounters_epic_north.csv,278
EPIC_NORTH:E6310869,EPIC_NORTH,E6310869,FAC002,St. Brendan Medical Center,Acute Care Hospital,2e07bd79cd1bf379761452d42f53e415,18-39,M,537,2024-09-04,2024-09-06,2,INPATIENT,E11.65,Type 2 diabetes mellitus with hyperglycemia,DIABETES,1771884131,Internal Medicine,Employed,MEDICAID,77667.97,PAID,0,1,batch_001,encounters_epic_north.csv,741
LEGACY_MEDITECH:110820,LEGACY_MEDITECH,110820,FAC004,Riverbend Community Hospital,Critical Access Hospital,9c3b17254971c4a59724d9cc1440844f,65+,F,524,2024-09-04,2024-09-06,2,OBSERVATION,E11.65,Type 2 diabetes mellitus with hyperglycemia,DIABETES,1585003704,Internal Medicine,Affiliated,MEDICARE,15678.17,PAID,"",1,batch_001,encounters_legacy_meditech.csv,89
EPIC_NORTH:E3790803,EPIC_NORTH,E3790803,FAC002,St. Brendan Medical Center,Acute Care Hospital,5edba1d7c984a503d756b98ec8161e4d,18-39,M,532,2024-09-05,2024-09-09,4,INPATIENT,J45.901,Unspecified asthma with (acute) exacerbation,ASTHMA,1105218543,Nephrology,Employed,COMMERCIAL,9112.76,PAID,0,1,batch_001,encounters_epic_north.csv,1010
LEGACY_MEDITECH:100019,LEGACY_MEDITECH,100019,FAC004,Riverbend Community Hospital,Critical Access Hospital,c805958af2cc49131ccfe01957173ec0,65+,F,520,2024-09-06,2024-09-07,1,OBSERVATION,E11.65,Type 2 diabetes mellitus with hyperglycemia,DIABETES,1585003704,Internal Medicine,Affiliated,MEDICARE,15158.74,PAID,"",1,batch_001,encounters_legacy_meditech.csv,136
EPIC_NORTH:E1688362,EPIC_NORTH,E1688362,FAC001,Lakeshore General Hospital,Acute Care Hospital,73aa7737c89addb1b51657e1455bb208,40-64,F,543,2024-09-08,2024-09-11,3,INPATIENT,E11.65,Type 2 diabetes mellitus with hyperglycemia,DIABETES,1536455680,Hospitalist,Affiliated,COMMERCIAL,19454.49,PAID,0,1,batch_001,encounters_epic_north.csv,1346
LEGACY_MEDITECH:116868,LEGACY_MEDITECH,116868,FAC004,Riverbend Community Hospital,Critical Access Hospital,42e55b3c326b065be6c2b94b8d65bf60,65+,F,543,2024-09-13,2024-09-15,2,OBSERVATION,I10,Essential (primary) hypertension,HYPERTENSION,1585003704,Internal Medicine,Affiliated,COMMERCIAL,10459.42,PAID,"",1,batch_001,encounters_legacy_meditech.csv,53
LEGACY_MEDITECH:125013,LEGACY_MEDITECH,125013,FAC004,Riverbend Community Hospital,Critical Access Hospital,3bee037453883fb96442739dac802e6e,40-64,M,543,2024-09-17,2024-09-29,12,INPATIENT,I10,Essential (primary) hypertension,HYPERTENSION,1585003704,Internal Medicine,Affiliated,COMMERCIAL,10311.15,PAID,0,1,batch_001,encounters_legacy_meditech.csv,341
EPIC_NORTH:E4540969,EPIC_NORTH,E4540969,FAC001,Lakeshore General Hospital,Acute Care Hospital,ebecb3ab89d55495b8e135452a90af05,40-64,M,541,2024-09-19,2024-09-20,1,OBSERVATION,E11.65,Type 2 diabetes mellitus with hyperglycemia,DIABETES,1440029787,Internal Medicine,Employed,COMMERCIAL,6944.60,DENIED,"",1,batch_001,encounters_epic_north.csv,530
EPIC_NORTH:E5508915,EPIC_NORTH,E5508915,FAC002,St. Brendan Medical Center,Acute Care Hospital,4493c094509c36589d5da706aefaf8a0,18-39,F,531,2024-09-19,2024-09-26,7,INPATIENT,I10,Essential (primary) hypertension,HYPERTENSION,1771884131,Internal Medicine,Employed,MEDICAID,15754.36,PAID,0,1,batch_001,encounters_epic_north.csv,356
LEGACY_MEDITECH:108034,LEGACY_MEDITECH,108034,FAC004,Riverbend Community Hospital,Critical Access Hospital,092dceb6eda4b03ed76a190a2583e175,65+,M,520,2024-09-23,2024-09-23,0,EMERGENCY,I10,Essential (primary) hypertension,HYPERTENSION,1228088641,Emergency Medicine,Employed,MEDICARE,5876.52,PAID,"",1,batch_001,encounters_legacy_meditech.csv,69
EPIC_NORTH:E4208459,EPIC_NORTH,E4208459,FAC002,St. Brendan Medical Center,Acute Care Hospital,cafd1fb952115643228e61f19cc145d2,18-39,F,543,2024-09-24,2024-10-02,8,INPATIENT,J44.1,Chronic obstructive pulmonary disease with (acute) exacerbation,COPD,1008754750,Hospitalist,Employed,SELF_PAY,10230.00,PAID,0,1,batch_002,encounters_epic_north.csv,86
EPIC_NORTH:E6325068,EPIC_NORTH,E6325068,FAC001,Lakeshore General Hospital,Acute Care Hospital,751c38b38720258c01ceabdc286e3b96,40-64,M,543,2024-09-27,2024-09-27,0,OBSERVATION,I10,Essential (primary) hypertension,HYPERTENSION,1309114175,Hospitalist,Employed,MEDICAID,5781.43,DENIED,"",1,batch_001,encounters_epic_north.csv,1026
EPIC_NORTH:E1663250,EPIC_NORTH,E1663250,FAC002,St. Brendan Medical Center,Acute Care Hospital,6758a05c8aad9e069d815ca3d1cffada,18-39,F,541,2024-09-28,2024-10-06,8,INPATIENT,J45.901,Unspecified asthma with (acute) exacerbation,ASTHMA,1939494823,Pulmonology,Employed,COMMERCIAL,49758.66,PAID,0,1,batch_001,encounters_epic_north.csv,928
EPIC_NORTH:E2708249,EPIC_NORTH,E2708249,FAC002,St. Brendan Medical Center,Acute Care Hospital,878e63007aea678c93e11dd4f5ad4c30,65+,F,524,2024-09-28,2024-10-05,7,INPATIENT,J44.1,Chronic obstructive pulmonary disease with (acute) exacerbation,COPD,1836016109,Hospitalist,Employed,MEDICARE,34128.66,PAID,0,1,batch_001,encounters_epic_north.csv,392
EPIC_NORTH:E2107082,EPIC_NORTH,E2107082,FAC002,St. Brendan Medical Center,Acute Care Hospital,2770dcb752829b984901abe2bb2d98ba,18-39,M,524,2024-09-29,2024-09-29,0,EMERGENCY,N18.6,End stage renal disease,CKD,1028382228,Emergency Medicine,Employed,COMMERCIAL,5454.53,PAID,"",1,batch_001,encounters_epic_north.csv,1237
EPIC_NORTH:E7028718,EPIC_NORTH,E7028718,FAC002,St. Brendan Medical Center,Acute Care Hospital,b6b75d5041de242c5bc9eac21d7900c1,65+,M,531,2024-09-30,2024-10-06,6,INPATIENT,I10,Essential (primary) hypertension,HYPERTENSION,1771884131,Internal Medicine,Employed,COMMERCIAL,27156.71,PAID,0,1,batch_001,encounters_epic_north.csv,1110
EPIC_NORTH:E9711915,EPIC_NORTH,E9711915,FAC001,Lakeshore General Hospital,Acute Care Hospital,d3338e03f5582005c74fe62a92080561,40-64,M,531,2024-09-30,2024-10-01,1,INPATIENT,E11.65,Type 2 diabetes mellitus with hyperglycemia,DIABETES,1139986982,Hospitalist,Employed,COMMERCIAL,36106.57,PAID,0,1,batch_001,encounters_epic_north.csv,1118
LEGACY_MEDITECH:128873,LEGACY_MEDITECH,128873,FAC004,Riverbend Community Hospital,Critical Access Hospital,1a923ddfd77cb98be0c5019fccc9d8e0,40-64,M,520,2024-10-01,2024-10-02,1,OBSERVATION,I50.9,"Heart failure, unspecified",HEART_FAILURE,1406925663,Hospitalist,Affiliated,MEDICAID,17134.90,DENIED,"",1,batch_001,encounters_legacy_meditech.csv,26
EPIC_NORTH:E6761363,EPIC_NORTH,E6761363,FAC002,St. Brendan Medical Center,Acute Care Hospital,40ac976811e6d7d1d31be462c8849b7b,40-64,F,537,2024-10-03,2024-10-10,7,INPATIENT,I10,Essential (primary) hypertension,HYPERTENSION,1682052588,Cardiology,Affiliated,OTHER,30386.65,PAID,0,2,batch_002,encounters_epic_north.csv,153
LEGACY_MEDITECH:134813,LEGACY_MEDITECH,134813,FAC004,Riverbend Community Hospital,Critical Access Hospital,b9fc666f0b1279761cad14f07968335f,40-64,M,543,2024-10-03,2024-10-15,12,INPATIENT,J44.1,Chronic obstructive pulmonary disease with (acute) exacerbation,COPD,1406925663,Hospitalist,Affiliated,COMMERCIAL,16362.39,PAID,0,1,batch_001,encounters_legacy_meditech.csv,20
EPIC_NORTH:E3153477,EPIC_NORTH,E3153477,FAC001,Lakeshore General Hospital,Acute Care Hospital,3689e84654fd90f8a51290a4b4f67742,18-39,F,531,2024-10-05,2024-10-06,1,OBSERVATION,I50.22,Chronic systolic (congestive) heart failure,HEART_FAILURE,1309114175,Hospitalist,Employed,SELF_PAY,12046.29,PAID,"",1,batch_001,encounters_epic_north.csv,894
EPIC_NORTH:E3361949,EPIC_NORTH,E3361949,FAC002,St. Brendan Medical Center,Acute Care Hospital,878e63007aea678c93e11dd4f5ad4c30,65+,F,524,2024-10-05,2024-10-13,8,INPATIENT,J44.1,Chronic obstructive pulmonary disease with (acute) exacerbation,COPD,1129110288,Hospitalist,Affiliated,MEDICARE,50964.36,PAID,0,1,batch_001,encounters_epic_north.csv,393
EPIC_NORTH:E2017706,EPIC_NORTH,E2017706,FAC002,St. Brendan Medical Center,Acute Care Hospital,2f6d1fc99e2140e1589eec7fd8c991eb,40-64,F,532,2024-10-06,2024-10-08,2,INPATIENT,J44.1,Chronic obstructive pulmonary disease with (acute) exacerbation,COPD,1939494823,Pulmonology,Employed,SELF_PAY,46710.14,PAID,0,1,batch_001,encounters_epic_north.csv,386
EPIC_NORTH:E7381513,EPIC_NORTH,E7381513,FAC001,Lakeshore General Hospital,Acute Care Hospital,0e8acc92c51088eaefce22a8a0767171,40-64,M,520,2024-10-07,2024-10-17,10,INPATIENT,I10,Essential (primary) hypertension,HYPERTENSION,1472671472,Cardiology,Employed,COMMERCIAL,13096.38,PAID,1,1,batch_001,encounters_epic_north.csv,195
EPIC_NORTH:E1427914,EPIC_NORTH,E1427914,FAC001,Lakeshore General Hospital,Acute Care Hospital,6fb5107a6e5f877ba20ac284d40d5a43,18-39,M,541,2024-10-10,2024-10-22,12,INPATIENT,I50.22,Chronic systolic (congestive) heart failure,HEART_FAILURE,1440029787,Internal Medicine,Employed,COMMERCIAL,54053.93,PAID,0,1,batch_001,encounters_epic_north.csv,1262
EPIC_NORTH:E3400529,EPIC_NORTH,E3400529,FAC001,Lakeshore General Hospital,Acute Care Hospital,6ab50646b1d75bd792d0a30b4f18815b,18-39,M,537,2024-10-14,2024-10-18,4,INPATIENT,I10,Essential (primary) hypertension,HYPERTENSION,1778486484,Internal Medicine,Employed,COMMERCIAL,34986.88,PAID,0,1,batch_001,encounters_epic_north.csv,740
EPIC_NORTH:E9419659,EPIC_NORTH,E9419659,FAC002,St. Brendan Medical Center,Acute Care Hospital,1250c7d55506277c8f1c15e9e21fb958,65+,F,543,2024-10-14,2024-10-18,4,INPATIENT,I50.22,Chronic systolic (congestive) heart failure,HEART_FAILURE,1105218543,Nephrology,Employed,MEDICARE,54024.11,PAID,0,1,batch_001,encounters_epic_north.csv,1242
EPIC_NORTH:E6398699,EPIC_NORTH,E6398699,FAC001,Lakeshore General Hospital,Acute Care Hospital,aa88e1a04f251bc4c533c7c32a14acb5,18-39,F,531,2024-10-17,2024-10-28,11,INPATIENT,J44.1,Chronic obstructive pulmonary disease with (acute) exacerbation,COPD,1701079810,Pulmonology,Employed,COMMERCIAL,59203.94,PAID,0,1,batch_001,encounters_epic_north.csv,16
EPIC_NORTH:E7698215,EPIC_NORTH,E7698215,FAC002,St. Brendan Medical Center,Acute Care Hospital,6dd43ddade0c2154666731bcf05a876b,40-64,M,532,2024-10-17,2024-10-23,6,INPATIENT,N18.6,End stage renal disease,CKD,1771884131,Internal Medicine,Employed,COMMERCIAL,11532.98,PAID,0,1,batch_001,encounters_epic_north.csv,249
EPIC_NORTH:E2723317,EPIC_NORTH,E2723317,FAC001,Lakeshore General Hospital,Acute Care Hospital,0e8acc92c51088eaefce22a8a0767171,40-64,M,520,2024-10-19,2024-10-31,12,INPATIENT,N18.6,End stage renal disease,CKD,1440029787,Internal Medicine,Employed,COMMERCIAL,57501.45,PAID,0,1,batch_001,encounters_epic_north.csv,119
LEGACY_MEDITECH:100293,LEGACY_MEDITECH,100293,FAC004,Riverbend Community Hospital,Critical Access Hospital,7481ec177f4b64f4c683a9b609f862d2,65+,M,524,2024-10-19,2024-10-21,2,OBSERVATION,N18.6,End stage renal disease,CKD,1585003704,Internal Medicine,Affiliated,MEDICARE,6638.21,PAID,"",1,batch_003,encounters_legacy_meditech.csv,10
EPIC_NORTH:E6309075,EPIC_NORTH,E6309075,FAC002,St. Brendan Medical Center,Acute Care Hospital,64a0e4ee7c6751eb5a99c5002b07924c,40-64,M,541,2024-10-20,2024-10-22,2,INPATIENT,J44.1,Chronic obstructive pulmonary disease with (acute) exacerbation,COPD,1008754750,Hospitalist,Employed,COMMERCIAL,51956.25,PAID,0,1,batch_001,encounters_epic_north.csv,820
EPIC_NORTH:E7255968,EPIC_NORTH,E7255968,FAC002,St. Brendan Medical Center,Acute Care Hospital,d9d595600a2b228894b5f9de08f6b606,65+,F,541,2024-10-20,2024-10-21,1,INPATIENT,I10,Essential (primary) hypertension,HYPERTENSION,1129110288,Hospitalist,Affiliated,MEDICARE,40474.89,DENIED,0,1,batch_001,encounters_epic_north.csv,589
EPIC_NORTH:E2011289,EPIC_NORTH,E2011289,FAC002,St. Brendan Medical Center,Acute Care Hospital,3a0b14cf7f09e063ef4cab8462ad0722,65+,F,541,2024-10-26,2024-11-01,6,INPATIENT,I50.9,"Heart failure, unspecified",HEART_FAILURE,1836016109,Hospitalist,Employed,MEDICARE,22348.20,PAID,1,1,batch_001,encounters_epic_north.csv,610
LEGACY_MEDITECH:122640,LEGACY_MEDITECH,122640,FAC004,Riverbend Community Hospital,Critical Access Hospital,1672ed27428bd840513793b03fa0395c,65+,M,524,2024-10-26,2024-10-28,2,INPATIENT,N18.6,End stage renal disease,CKD,1406925663,Hospitalist,Affiliated,MEDICARE,14487.32,PAID,0,1,batch_001,encounters_legacy_meditech.csv,296
EPIC_NORTH:E4993425,EPIC_NORTH,E4993425,FAC001,Lakeshore General Hospital,Acute Care Hospital,2aa4dc3291395957b5e416eff5ffae88,40-64,F,537,2024-10-27,2024-10-28,1,EMERGENCY,J44.1,Chronic obstructive pulmonary disease with (acute) exacerbation,COPD,1860320807,Emergency Medicine,Employed,COMMERCIAL,5000.01,PAID,"",1,batch_001,encounters_epic_north.csv,1096
EPIC_NORTH:E9264356,EPIC_NORTH,E9264356,FAC002,St. Brendan Medical Center,Acute Care Hospital,f29552f099009bf3676689fa7ad013bb,40-64,F,531,2024-10-27,2024-11-08,12,INPATIENT,J44.1,Chronic obstructive pulmonary disease with (acute) exacerbation,COPD,1129110288,Hospitalist,Affiliated,COMMERCIAL,21785.96,PAID,0,1,batch_001,encounters_epic_north.csv,636
LEGACY_MEDITECH:123300,LEGACY_MEDITECH,123300,FAC004,Riverbend Community Hospital,Critical Access Hospital,9f2818bc023db19314d475926743f6b4,65+,F,520,2024-10-28,2024-10-29,1,INPATIENT,N18.6,End stage renal disease,CKD,1585003704,Internal Medicine,Affiliated,MEDICARE,9060.74,PAID,0,1,batch_001,encounters_legacy_meditech.csv,70
EPIC_NORTH:E4119712,EPIC_NORTH,E4119712,FAC001,Lakeshore General Hospital,Acute Care Hospital,3ccf6849eb3b48ee2bd02b8e8747453a,65+,M,541,2024-11-02,2024-11-12,10,INPATIENT,J44.1,Chronic obstructive pulmonary disease with (acute) exacerbation,COPD,1309114175,Hospitalist,Employed,MEDICARE,12327.05,PAID,0,1,batch_001,encounters_epic_north.csv,767
EPIC_NORTH:E3116736,EPIC_NORTH,E3116736,FAC002,St. Brendan Medical Center,Acute Care Hospital,1250c7d55506277c8f1c15e9e21fb958,65+,F,543,2024-11-07,2024-11-08,1,OBSERVATION,I50.22,Chronic systolic (congestive) heart failure,HEART_FAILURE,1771884131,Internal Medicine,Employed,MEDICARE,14976.82,PAID,"",2,batch_002,encounters_epic_north.csv,83
EPIC_NORTH:E4255304,EPIC_NORTH,E4255304,FAC001,Lakeshore General Hospital,Acute Care Hospital,e2a58976140de9b690b8916de6fb51a0,65+,F,537,2024-11-08,2024-11-08,0,EMERGENCY,I50.22,Chronic systolic (congestive) heart failure,HEART_FAILURE,1871689760,Emergency Medicine,Employed,MEDICAID,6801.44,PAID,"",1,batch_001,encounters_epic_north.csv,608
LEGACY_MEDITECH:125660,LEGACY_MEDITECH,125660,FAC004,Riverbend Community Hospital,Critical Access Hospital,66e99f10637f34c53bc271596c6ca3c7,40-64,F,531,2024-11-09,2024-11-14,5,INPATIENT,J44.1,Chronic obstructive pulmonary disease with (acute) exacerbation,COPD,1585003704,Internal Medicine,Affiliated,COMMERCIAL,53261.08,PAID,0,1,batch_001,encounters_legacy_meditech.csv,60
EPIC_NORTH:E2778940,EPIC_NORTH,E2778940,FAC001,Lakeshore General Hospital,Acute Care Hospital,e2db11b88a6c2e7bb5adfb92d6f8b194,65+,M,532,2024-11-12,2024-11-22,10,INPATIENT,N18.6,End stage renal disease,CKD,1440029787,Internal Medicine,Employed,MEDICARE,14320.00,PAID,0,2,batch_002,encounters_epic_north.csv,120
EPIC_NORTH:E9597020,EPIC_NORTH,E9597020,FAC002,St. Brendan Medical Center,Acute Care Hospital,f025f8275575887ca5abc8fd5954928f,40-64,M,531,2024-11-14,2024-11-21,7,INPATIENT,E11.65,Type 2 diabetes mellitus with hyperglycemia,DIABETES,1129110288,Hospitalist,Affiliated,MEDICAID,68279.87,PAID,1,1,batch_001,encounters_epic_north.csv,1154
LEGACY_MEDITECH:117361,LEGACY_MEDITECH,117361,FAC004,Riverbend Community Hospital,Critical Access Hospital,07291e5b4e94538d6e344eebe2b6880f,65+,M,531,2024-11-15,2024-11-20,5,INPATIENT,E11.65,Type 2 diabetes mellitus with hyperglycemia,DIABETES,1406925663,Hospitalist,Affiliated,MEDICARE,57408.95,PAID,0,2,batch_002,encounters_legacy_meditech.csv,218
EPIC_NORTH:E8176636,EPIC_NORTH,E8176636,FAC001,Lakeshore General Hospital,Acute Care Hospital,2d5379ca2819165130ac032060eb6bd8,40-64,M,537,2024-11-16,2024-11-17,1,INPATIENT,J44.1,Chronic obstructive pulmonary disease with (acute) exacerbation,COPD,1309114175,Hospitalist,Employed,COMMERCIAL,20105.34,PAID,0,1,batch_001,encounters_epic_north.csv,630
LEGACY_MEDITECH:116056,LEGACY_MEDITECH,116056,FAC004,Riverbend Community Hospital,Critical Access Hospital,ea350581eeaf1f21dac103fc53165629,40-64,M,520,2024-11-17,2024-11-28,11,INPATIENT,I50.9,"Heart failure, unspecified",HEART_FAILURE,1585003704,Internal Medicine,Affiliated,COMMERCIAL,33008.49,PAID,0,2,batch_002,encounters_legacy_meditech.csv,189
EPIC_NORTH:E2087019,EPIC_NORTH,E2087019,FAC002,St. Brendan Medical Center,Acute Care Hospital,301148e6c1ff4098460a822c4c416299,40-64,F,531,2024-11-19,2024-11-19,0,OBSERVATION,I10,Essential (primary) hypertension,HYPERTENSION,1771884131,Internal Medicine,Employed,COMMERCIAL,9984.22,PAID,"",1,batch_001,encounters_epic_north.csv,1342
EPIC_NORTH:E7704778,EPIC_NORTH,E7704778,FAC001,Lakeshore General Hospital,Acute Care Hospital,3a0b14cf7f09e063ef4cab8462ad0722,65+,F,541,2024-11-19,2024-11-21,2,INPATIENT,I50.9,"Heart failure, unspecified",HEART_FAILURE,1552182481,Hospitalist,Employed,MEDICARE,11437.77,PAID,0,1,batch_001,encounters_epic_north.csv,246
EPIC_NORTH:E8575374,EPIC_NORTH,E8575374,FAC002,St. Brendan Medical Center,Acute Care Hospital,1250c7d55506277c8f1c15e9e21fb958,65+,F,543,2024-11-20,2024-11-23,3,INPATIENT,I50.22,Chronic systolic (congestive) heart failure,HEART_FAILURE,1642524775,Internal Medicine,Employed,MEDICARE,21472.28,PAID,0,2,batch_002,encounters_epic_north.csv,15
LEGACY_MEDITECH:137265,LEGACY_MEDITECH,137265,FAC004,Riverbend Community Hospital,Critical Access Hospital,1fb36c80a765f84dddf26e1a617d3707,65+,F,524,2024-11-22,2024-11-24,2,INPATIENT,J44.1,Chronic obstructive pulmonary disease with (acute) exacerbation,COPD,1585003704,Internal Medicine,Affiliated,MEDICARE,54189.82,PAID,0,2,batch_002,encounters_legacy_meditech.csv,65
EPIC_NORTH:E5615911,EPIC_NORTH,E5615911,FAC002,St. Brendan Medical Center,Acute Care Hospital,ef51d451974a92791526086ac17214e6,65+,M,531,2024-11-23,2024-12-01,8,INPATIENT,N18.6,End stage renal disease,CKD,1682052588,Cardiology,Affiliated,COMMERCIAL,19403.04,SUBMITTED,0,1,batch_001,encounters_epic_north.csv,1149
EPIC_NORTH:E9617201,EPIC_NORTH,E9617201,FAC001,Lakeshore General Hospital,Acute Care Hospital,f8714194000ea98f2f5a72aac7b0bf6c,40-64,M,531,2024-11-23,2024-11-24,1,INPATIENT,I50.22,Chronic systolic (congestive) heart failure,HEART_FAILURE,1472671472,Cardiology,Employed,COMMERCIAL,61202.39,PAID,0,2,batch_002,encounters_epic_north.csv,96
EPIC_NORTH:E2463574,EPIC_NORTH,E2463574,FAC002,St. Brendan Medical Center,Acute Care Hospital,1d5d7fbfd028e733de2cc7dc8497e64e,40-64,F,537,2024-11-24,2024-12-04,10,INPATIENT,I50.22,Chronic systolic (congestive) heart failure,HEART_FAILURE,1771884131,Internal Medicine,Employed,COMMERCIAL,68055.40,PAID,0,2,batch_002,encounters_epic_north.csv,160
EPIC_NORTH:E9740432,EPIC_NORTH,E9740432,FAC001,Lakeshore General Hospital,Acute Care Hospital,f8714194000ea98f2f5a72aac7b0bf6c,40-64,M,531,2024-11-24,2024-11-26,2,INPATIENT,I50.22,Chronic systolic (congestive) heart failure,HEART_FAILURE,1452059979,Nephrology,Employed,COMMERCIAL,91497.31,PAID,0,2,batch_002,encounters_epic_north.csv,137
EPIC_NORTH:E5667383,EPIC_NORTH,E5667383,FAC001,Lakeshore General Hospital,Acute Care Hospital,7911c7d7842a53d4d86f524a3c0a4690,65+,M,541,2024-11-29,2024-12-07,8,INPATIENT,I50.22,Chronic systolic (congestive) heart failure,HEART_FAILURE,1440029787,Internal Medicine,Employed,COMMERCIAL,10579.91,PAID,0,2,batch_002,encounters_epic_north.csv,113
EPIC_NORTH:E5725508,EPIC_NORTH,E5725508,FAC002,St. Brendan Medical Center,Acute Care Hospital,9f3b96e84824e00ce602b78b32ab4d9f,40-64,F,537,2024-11-29,2024-12-04,5,INPATIENT,I50.22,Chronic systolic (congestive) heart failure,HEART_FAILURE,1682052588,Cardiology,Affiliated,COMMERCIAL,17135.72,SUBMITTED,0,1,batch_001,encounters_epic_north.csv,1015
EPIC_NORTH:E7357651,EPIC_NORTH,E7357651,FAC002,St. Brendan Medical Center,Acute Care Hospital,0d1025c0c13946cf339a4d4e5ee47e72,65+,F,531,2024-11-29,2024-12-04,5,INPATIENT,J44.1,Chronic obstructive pulmonary disease with (acute) exacerbation,COPD,1105218543,Nephrology,Employed,MEDICARE,29117.49,SUBMITTED,0,1,batch_001,encounters_epic_north.csv,794
EPIC_NORTH:E8485422,EPIC_NORTH,E8485422,FAC002,St. Brendan Medical Center,Acute Care Hospital,f025f8275575887ca5abc8fd5954928f,40-64,M,531,2024-11-30,2024-12-07,7,INPATIENT,E11.65,Type 2 diabetes mellitus with hyperglycemia,DIABETES,1129110288,Hospitalist,Affiliated,MEDICAID,37458.67,SUBMITTED,0,1,batch_001,encounters_epic_north.csv,667
LEGACY_MEDITECH:131873,LEGACY_MEDITECH,131873,FAC004,Riverbend Community Hospital,Critical Access Hospital,9f2818bc023db19314d475926743f6b4,65+,F,520,2024-11-30,2024-12-06,6,INPATIENT,N18.6,End stage renal disease,CKD,1585003704,Internal Medicine,Affiliated,MEDICARE,28362.15,PAID,0,2,batch_002,encounters_legacy_meditech.csv,71
EPIC_NORTH:E9566372,EPIC_NORTH,E9566372,FAC001,Lakeshore General Hospital,Acute Care Hospital,d81083932bcac8281452fef037558db1,40-64,F,524,2024-12-02,2024-12-06,4,INPATIENT,E11.65,Type 2 diabetes mellitus with hyperglycemia,DIABETES,1472671472,Cardiology,Employed,COMMERCIAL,14644.23,PAID,0,2,batch_003,encounters_epic_north.csv,79
EPIC_NORTH:E4756315,EPIC_NORTH,E4756315,FAC001,Lakeshore General Hospital,Acute Care Hospital,73aa7737c89addb1b51657e1455bb208,40-64,F,543,2024-12-05,2024-12-14,9,INPATIENT,E11.65,Type 2 diabetes mellitus with hyperglycemia,DIABETES,1701079810,Pulmonology,Employed,COMMERCIAL,57411.81,SUBMITTED,1,1,batch_002,encounters_epic_north.csv,172
EPIC_NORTH:E8952212,EPIC_NORTH,E8952212,FAC001,Lakeshore General Hospital,Acute Care Hospital,1c1faf6a5dd5fe998549142a11f67749,40-64,F,531,2024-12-06,2024-12-13,7,INPATIENT,I50.22,Chronic systolic (congestive) heart failure,HEART_FAILURE,1452059979,Nephrology,Employed,OTHER,33645.42,PAID,0,2,batch_003,encounters_epic_north.csv,64
LEGACY_MEDITECH:112636,LEGACY_MEDITECH,112636,FAC004,Riverbend Community Hospital,Critical Access Hospital,ca7a493c8b1e3e707cecba4fd9eece9c,65+,F,520,2024-12-07,2024-12-13,6,INPATIENT,I50.22,Chronic systolic (congestive) heart failure,HEART_FAILURE,1585003704,Internal Medicine,Affiliated,MEDICARE,24641.86,SUBMITTED,0,1,batch_002,encounters_legacy_meditech.csv,224
LEGACY_MEDITECH:107158,LEGACY_MEDITECH,107158,FAC004,Riverbend Community Hospital,Critical Access Hospital,c805958af2cc49131ccfe01957173ec0,65+,F,520,2024-12-08,2024-12-10,2,INPATIENT,E11.65,Type 2 diabetes mellitus with hyperglycemia,DIABETES,1585003704,Internal Medicine,Affiliated,MEDICARE,23051.31,PAID,0,2,batch_003,encounters_legacy_meditech.csv,12
EPIC_NORTH:E7935318,EPIC_NORTH,E7935318,FAC002,St. Brendan Medical Center,Acute Care Hospital,2770dcb752829b984901abe2bb2d98ba,18-39,M,524,2024-12-10,2024-12-13,3,INPATIENT,N18.6,End stage renal disease,CKD,1771884131,Internal Medicine,Employed,COMMERCIAL,91551.56,SUBMITTED,0,1,batch_002,encounters_epic_north.csv,14
EPIC_NORTH:E7204104,EPIC_NORTH,E7204104,FAC002,St. Brendan Medical Center,Acute Care Hospital,f29552f099009bf3676689fa7ad013bb,40-64,F,531,2024-12-11,2024-12-20,9,INPATIENT,J44.1,Chronic obstructive pulmonary disease with (acute) exacerbation,COPD,1939494823,Pulmonology,Employed,COMMERCIAL,49577.18,DENIED,0,2,batch_003,encounters_epic_north.csv,59
EPIC_NORTH:E7321153,EPIC_NORTH,E7321153,FAC002,St. Brendan Medical Center,Acute Care Hospital,e8729c4d093a512fa4777b63a42f2d95,40-64,F,543,2024-12-11,2024-12-20,9,INPATIENT,I50.22,Chronic systolic (congestive) heart failure,HEART_FAILURE,1682052588,Cardiology,Affiliated,COMMERCIAL,8348.42,PAID,0,2,batch_003,encounters_epic_north.csv,45
EPIC_NORTH:E9213543,EPIC_NORTH,E9213543,FAC001,Lakeshore General Hospital,Acute Care Hospital,a43505cac1ab5bf6e6d0ba9d92b02fcb,40-64,M,532,2024-12-14,2024-12-14,0,EMERGENCY,N18.6,End stage renal disease,CKD,1447294053,Emergency Medicine,Employed,COMMERCIAL,5653.28,SUBMITTED,"",1,batch_002,encounters_epic_north.csv,47
EPIC_NORTH:E5539654,EPIC_NORTH,E5539654,FAC001,Lakeshore General Hospital,Acute Care Hospital,044ec9e4b8e4e9e0b4c70b0c38c96370,65+,F,531,2024-12-15,2024-12-20,5,INPATIENT,I50.9,"Heart failure, unspecified",HEART_FAILURE,1139986982,Hospitalist,Employed,MEDICARE,11291.00,DENIED,0,2,batch_003,encounters_epic_north.csv,73
EPIC_NORTH:E4113536,EPIC_NORTH,E4113536,FAC002,St. Brendan Medical Center,Acute Care Hospital,62bf96b513cb019b19c36ff3d17900d9,18-39,F,543,2024-12-16,2024-12-18,2,INPATIENT,E11.65,Type 2 diabetes mellitus with hyperglycemia,DIABETES,1771884131,Internal Medicine,Employed,COMMERCIAL,63695.37,PAID,0,2,batch_003,encounters_epic_north.csv,13
EPIC_NORTH:E6812954,EPIC_NORTH,E6812954,FAC001,Lakeshore General Hospital,Acute Care Hospital,73aa7737c89addb1b51657e1455bb208,40-64,F,543,2024-12-16,2024-12-28,12,INPATIENT,E11.65,Type 2 diabetes mellitus with hyperglycemia,DIABETES,1452059979,Nephrology,Employed,COMMERCIAL,10709.05,PAID,0,2,batch_003,encounters_epic_north.csv,4
EPIC_NORTH:E6325405,EPIC_NORTH,E6325405,FAC001,Lakeshore General Hospital,Acute Care Hospital,5bd75802ad8420c4ef416472f78a8afe,40-64,F,541,2024-12-19,2024-12-20,1,OBSERVATION,J44.1,Chronic obstructive pulmonary disease with (acute) exacerbation,COPD,1787680457,Cardiology,Affiliated,COMMERCIAL,14924.71,DENIED,"",2,batch_003,encounters_epic_north.csv,29
EPIC_NORTH:E3865085,EPIC_NORTH,E3865085,FAC002,St. Brendan Medical Center,Acute Care Hospital,62bf96b513cb019b19c36ff3d17900d9,18-39,F,543,2024-12-20,2024-12-20,0,EMERGENCY,E11.65,Type 2 diabetes mellitus with hyperglycemia,DIABETES,1229836956,Emergency Medicine,Affiliated,COMMERCIAL,6631.44,PAID,"",2,batch_003,encounters_epic_north.csv,39
EPIC_NORTH:E7194183,EPIC_NORTH,E7194183,FAC001,Lakeshore General Hospital,Acute Care Hospital,e8729c4d093a512fa4777b63a42f2d95,40-64,F,543,2024-12-20,2024-12-21,1,INPATIENT,I50.9,"Heart failure, unspecified",HEART_FAILURE,1472671472,Cardiology,Employed,COMMERCIAL,65787.34,SUBMITTED,0,1,batch_002,encounters_epic_north.csv,112
EPIC_NORTH:E9154808,EPIC_NORTH,E9154808,FAC002,St. Brendan Medical Center,Acute Care Hospital,e777e4941eca0fff0699effd5f7cb71f,65+,F,531,2024-12-20,2024-12-31,11,INPATIENT,E11.65,Type 2 diabetes mellitus with hyperglycemia,DIABETES,1129110288,Hospitalist,Affiliated,MEDICARE,16197.28,PAID,0,2,batch_003,encounters_epic_north.csv,23
LEGACY_MEDITECH:107988,LEGACY_MEDITECH,107988,FAC004,Riverbend Community Hospital,Critical Access Hospital,bf9711fff84a39357514769d6cb33f6c,65+,F,532,2024-12-21,2025-01-01,11,INPATIENT,E11.65,Type 2 diabetes mellitus with hyperglycemia,DIABETES,1585003704,Internal Medicine,Affiliated,MEDICARE,23479.89,SUBMITTED,0,1,batch_003,encounters_legacy_meditech.csv,14
LEGACY_MEDITECH:105311,LEGACY_MEDITECH,105311,FAC004,Riverbend Community Hospital,Critical Access Hospital,aec00a4787e29015d4e9e8c1b526f30e,65+,M,524,2024-12-22,2024-12-23,1,EMERGENCY,J44.1,Chronic obstructive pulmonary disease with (acute) exacerbation,COPD,1930733682,Emergency Medicine,Affiliated,MEDICARE,11302.09,SUBMITTED,"",1,batch_003,encounters_legacy_meditech.csv,30
EPIC_NORTH:E4916633,EPIC_NORTH,E4916633,FAC002,St. Brendan Medical Center,Acute Care Hospital,e2db11b88a6c2e7bb5adfb92d6f8b194,65+,M,532,2024-12-23,2024-12-30,7,INPATIENT,N18.6,End stage renal disease,CKD,1939494823,Pulmonology,Employed,MEDICARE,93091.02,SUBMITTED,0,1,batch_003,encounters_epic_north.csv,72
LEGACY_MEDITECH:125398,LEGACY_MEDITECH,125398,FAC004,Riverbend Community Hospital,Critical Access Hospital,b6dc88b7182c2877054740f07f0e7ca2,40-64,M,532,2024-12-23,2024-12-25,2,INPATIENT,N18.6,End stage renal disease,CKD,1406925663,Hospitalist,Affiliated,COMMERCIAL,44309.17,SUBMITTED,0,1,batch_003,encounters_legacy_meditech.csv,5
EPIC_NORTH:E7942880,EPIC_NORTH,E7942880,FAC001,Lakeshore General Hospital,Acute Care Hospital,e2db11b88a6c2e7bb5adfb92d6f8b194,65+,M,532,2024-12-24,2024-12-25,1,OBSERVATION,N18.6,End stage renal disease,CKD,1309114175,Hospitalist,Employed,MEDICARE,9065.10,SUBMITTED,"",1,batch_003,encounters_epic_north.csv,70
LEGACY_MEDITECH:128505,LEGACY_MEDITECH,128505,FAC004,Riverbend Community Hospital,Critical Access Hospital,1fb36c80a765f84dddf26e1a617d3707,65+,F,524,2024-12-24,2024-12-25,1,EMERGENCY,J44.1,Chronic obstructive pulmonary disease with (acute) exacerbation,COPD,1764529123,Emergency Medicine,Employed,MEDICARE,7072.88,SUBMITTED,"",1,batch_003,encounters_legacy_meditech.csv,15
EPIC_NORTH:E2274352,EPIC_NORTH,E2274352,FAC002,St. Brendan Medical Center,Acute Care Hospital,28aad6e2ae3186157c0c1b1e1e3eb788,40-64,F,532,2024-12-25,2024-12-25,0,EMERGENCY,J44.1,Chronic obstructive pulmonary disease with (acute) exacerbation,COPD,1229836956,Emergency Medicine,Affiliated,COMMERCIAL,5000.00,SUBMITTED,"",1,batch_003,encounters_epic_north.csv,36
EPIC_NORTH:E9004176,EPIC_NORTH,E9004176,FAC001,Lakeshore General Hospital,Acute Care Hospital,a7f7c2f30982bc89bc400592827ada96,65+,M,532,2024-12-26,2025-01-06,11,INPATIENT,E11.65,Type 2 diabetes mellitus with hyperglycemia,DIABETES,1787680457,Cardiology,Affiliated,MEDICARE,26153.08,SUBMITTED,0,1,batch_003,encounters_epic_north.csv,1
EPIC_NORTH:E3828641,EPIC_NORTH,E3828641,FAC002,St. Brendan Medical Center,Acute Care Hospital,64be89b3359d971f96467d9c21816c2f,UNKNOWN,F,532,2024-12-27,2024-12-31,4,INPATIENT,I10,Essential (primary) hypertension,HYPERTENSION,1939494823,Pulmonology,Employed,COMMERCIAL,22934.88,SUBMITTED,0,1,batch_003,encounters_epic_north.csv,81
EPIC_NORTH:E5700568,EPIC_NORTH,E5700568,FAC001,Lakeshore General Hospital,Acute Care Hospital,4fde823d22a161dcace953be3919005a,40-64,F,543,2024-12-27,2025-01-01,5,INPATIENT,I10,Essential (primary) hypertension,HYPERTENSION,1139986982,Hospitalist,Employed,MEDICARE,13813.53,SUBMITTED,0,1,batch_003,encounters_epic_north.csv,47
EPIC_NORTH:E8472483,EPIC_NORTH,E8472483,FAC001,Lakeshore General Hospital,Acute Care Hospital,776b04a21429807b12cb89410d348493,40-64,M,537,2024-12-27,2024-12-31,4,INPATIENT,I10,Essential (primary) hypertension,HYPERTENSION,1778486484,Internal Medicine,Employed,COMMERCIAL,28113.23,SUBMITTED,0,1,batch_003,encounters_epic_north.csv,7
EPIC_NORTH:E3497042,EPIC_NORTH,E3497042,FAC002,St. Brendan Medical Center,Acute Care Hospital,d9d595600a2b228894b5f9de08f6b606,65+,F,541,2024-12-28,2025-01-04,7,INPATIENT,I10,Essential (primary) hypertension,HYPERTENSION,1836016109,Hospitalist,Employed,MEDICARE,10181.34,SUBMITTED,0,1,batch_003,encounters_epic_north.csv,44
EPIC_NORTH:E4548266,EPIC_NORTH,E4548266,FAC001,Lakeshore General Hospital,Acute Care Hospital,d06d6c8e86ddaf182b3dbb4418b79701,40-64,F,541,2024-12-28,2024-12-29,1,EMERGENCY,I50.9,"Heart failure, unspecified",HEART_FAILURE,1447294053,Emergency Medicine,Employed,COMMERCIAL,11177.42,SUBMITTED,"",1,batch_003,encounters_epic_north.csv,50
EPIC_NORTH:E7983743,EPIC_NORTH,E7983743,FAC002,St. Brendan Medical Center,Acute Care Hospital,b4e552fd1d3436233a002d15ddc68b75,65+,M,541,2024-12-30,2024-12-31,1,INPATIENT,N18.6,End stage renal disease,CKD,1008754750,Hospitalist,Employed,MEDICARE,36485.26,SUBMITTED,0,1,batch_003,encounters_epic_north.csv,78
