payer_name,payer_category
"",UNKNOWN
AETNA INC,COMMERCIAL
Aetna,COMMERCIAL
BCBS,COMMERCIAL
BadgerCare Plus,MEDICAID
Blue Cross Blue Shield,COMMERCIAL
CIGNA HEALTH,COMMERCIAL
Cigna,COMMERCIAL
IA Medicaid,MEDICAID
MCR,MEDICARE
MEDICAID,MEDICAID
MEDICARE PART A,MEDICARE
Medicaid,MEDICAID
Medicare,MEDICARE
Medicare - Part B,MEDICARE
N/A,UNKNOWN
SELFPAY,SELF_PAY
Self Pay,SELF_PAY
State Medicaid Plan,MEDICAID
TRICARE,OTHER
Tricare,OTHER
UHC,COMMERCIAL
Uninsured,SELF_PAY
UnitedHealthcare,COMMERCIAL
Workers Comp,OTHER
self-pay,SELF_PAY
