patient_key,sex,zip3,source_system_count,current_encounter_count
0141c6f5b314792ea94bf8fda5f7f50a,M,537,1,6
0154f9ffc2326c4df4c4c4181471f50f,M,532,1,1
01f0bb79cb404bd947ebe4c29083396d,F,531,3,7
02031315bd8abf210b8a6dc0c3fcab1d,F,532,1,2
027678973b131d11cce687faf7dc6ceb,F,543,1,4
028753f89381b0b68b15ba2cd6902fd5,M,524,1,3
02b02b8f4e94350e82b335b429a3a712,F,524,1,2
02e252fafcca6b900a555d08d2200bb7,F,532,1,3
030db40549ebd9b79ad93c60f87df216,M,543,1,2
031cfed3f491422c3a4b8edabeacb83a,F,520,1,2
0330ee481bfa473f5ed543f14aeac564,M,541,1,2
034119aa9eb1546ec4a1f93fae531c2b,M,610,1,1
0345df4b92d418330878d1c4263cd605,F,524,2,5
036f405bce3a7fa5df3b358cebf17022,M,524,1,3
0386803df87f1bf8f80bb57c6a0d378f,M,524,1,1
044ec9e4b8e4e9e0b4c70b0c38c96370,F,531,1,8
04fd315aceb6e19df3f46a6698136462,M,524,1,5
054060e464c2528b1b79d9076363a5c5,M,531,1,1
054a09de40381552b82ecd4b26b56e6e,F,537,1,3
058357a19150c13cd77fc8b9929d6c01,M,531,1,2
05eeb93dbbdb37deef1b0831b0c99632,F,531,1,2
05f3a139cb7a400dc48eb9ef04fc3894,M,543,1,1
060f8dff8ec83762e3525d87349d77a0,M,532,1,2
061ff7612b5ca79eb16e9f63a387b6ec,M,524,1,4
066cbee8c8e455dd2c7e2ab155efe421,M,520,1,1
067793277656fd1d8fb56da2c419589b,M,610,1,5
06d47f83928fe203725b1585467d79c8,M,532,2,3
06da520d4cd6905c5261ef8a5472f496,F,520,1,7
07055b3e9533a17a58ea194a5b301af6,F,531,2,3
07291e5b4e94538d6e344eebe2b6880f,M,531,3,5
0738c1aaddd8ab6ce54a611ea1e8534f,F,531,1,1
0779eb15a3bc8407cc32334ad1a5b0ff,M,537,1,2
07bff48a0894bcc89554441d0111428a,F,531,1,7
08834438b3626da61a9d03dd6be21177,M,520,2,6
08911eb866a0886247e9a4ebbb801a30,M,543,1,2
08f5211864302c4059c3e1a9feb844cf,M,531,2,4
092dceb6eda4b03ed76a190a2583e175,M,520,2,8
094b29eaf1902f543a99eb5c28ff1371,M,537,1,1
09c67c83ed38c3a173c276cd0a2ed407,M,543,1,2
09dbc52f4837fcb15a0f0210dff55276,M,532,1,2
0a02cd304d7abd2b20980bb8c165ba54,F,543,1,8
0add73dc17999e979853bfe1e9da1e13,M,532,1,2
0b298dfea1834e1d0127b9c8d62f3d89,M,520,1,1
0b50fc57f9243699dcce3b901a9c52b5,M,520,1,3
0b83b67958c2ed5e09031bd7ab30c46d,M,610,1,5
0bbcdc441de23362ba4ac5b2faea2dfd,M,524,1,1
0c025ac116474b217f6154d94aa62a69,M,532,2,3
0c05c5488cd28bb43cbfaadcb700cb5a,F,531,1,6
0cba45da868cb443c1ed68830014fde7,M,543,1,1
0cc94819bcb106e96a1cd8e1cdddc649,F,532,1,7
0d0c7656683cad8e99d47c2680b1c645,F,524,1,3
0d0cc54d34fd9bf276f2ac4bcf75d858,M,537,1,1
0d1025c0c13946cf339a4d4e5ee47e72,F,531,1,5
0d32042cb14d065952befb235ea76d7f,M,520,1,1
0d5e7f7e21739e27668d8bbd482a7a04,F,532,1,2
0d7a81a10978b4476c835a2e72b32e0c,M,537,1,3
0d9f7159dcf05a0a8774c3ef125b76d0,M,611,1,2
0db02e0f479187e1938b9a03082b058a,F,520,2,5
0e032fbe7fc0280a4bca1bc7de0a651a,F,543,2,5
0e479c690c8d887abfe2f41d1b473e6b,M,531,3,6
0e667f2d2919bddf7980ee977a94a67d,M,543,1,5
0e8acc92c51088eaefce22a8a0767171,M,520,2,8
0f1dbc1553f3c5736ab9dcaea29d638d,M,611,1,8
0f5a0298a06397901310e47402ba7679,F,524,1,6
0f766d24be4e94ecb0d574b63729e9d8,F,541,1,9
1038cf68c870256322f64d8bf3ae809e,F,524,1,2
10441634b63b58754286bdc756aa4140,M,611,1,3
104ba2c2e4e5ecff48a501cf5196c513,M,532,1,1
10f2fcc13b45659467df86fa061a644f,F,541,1,9
1102dd9017cdcb88d46c5c8477e5984e,F,610,1,8
11185ce432ef2d9aa2ed62871263accb,F,531,1,3
120f3d1a3b7e942c4bdfbb09f50a41ea,F,541,2,3
1250c7d55506277c8f1c15e9e21fb958,F,543,1,5
1280de3ef05be479d9e8cec901b2a710,M,610,1,5
13094a8355b4e8746880f78793a53d44,M,524,1,7
131ccea694015bea4c41c3c2b8fc4979,M,537,1,3
133d43def7d24150529af963fc889c61,F,541,1,3
13477adb30a37dd8a44f8d10fd4dc45a,F,520,1,4
13bb964e2d13d88249767356e19132b3,M,541,2,3
13cafeceadd85e72d4461a62d2557f8d,M,520,1,1
1559b12e1147cfeb0d12993187c3bc9b,M,520,1,1
15c49aeef330b0301ab759d08e38ff7a,F,541,1,2
16638811555793e5761fb9333bfc783c,F,611,1,7
1672ed27428bd840513793b03fa0395c,M,524,1,8
172bedc3ff8783d656442b99d5fabe52,M,532,1,8
17c8ad7749add4b1ecfe91437c275641,M,531,1,2
183295688a3a041127f6480ad592004f,M,531,1,3
188744ea2468f242d5a2c53ff594c8f1,M,610,1,2
18e03fe3221f1cdb57fc7c46b134fb64,M,543,1,1
192e0e2d059f09f1ea26243d2df71c72,F,537,1,1
193bb7d957455992e6f3615a42fd9840,F,611,2,5
1970d9ef78a8306a679afc562750c082,F,531,1,3
19851533e16d887684f3a1be508488ba,M,537,1,1
19ed419d2045b27290a3a42222991fe6,F,537,1,1
19f54c5b2ed0460107efd8b74c510b4c,F,543,1,1
1a4c147b53e553a6d962b6333dd71ccc,M,537,1,3
1a8e27934e26d30917d59f93d9f3e042,M,524,1,4
1a923ddfd77cb98be0c5019fccc9d8e0,M,520,2,6
1ab00ccc9f38e17d0091f9076c1a38f9,F,524,1,3
1ad9ff8399876a94d503e485bb87aa21,F,610,1,1
1b5e1ef6df2d73482a0402b396da2e1c,M,537,1,2
1b6c687b7cbd5c7836ca7f955da835ae,M,541,1,2
1b78a041a4aeb7d3f521a8e4d03897dd,F,610,1,5
1b95186d6b4f18acbca31e102345638c,M,541,1,3
1bd35dcaabc1ca58db648fc5d2d40475,F,532,2,10
1c0c65d7249bd4e180bca2b83019edaa,M,524,1,8
1c1faf6a5dd5fe998549142a11f67749,F,531,1,7
1c79f151e46c2b8f93243a9ec12ee025,M,520,1,2
1c91fdc9cfbfc3a9fdba294c175554e8,F,541,1,3
1cc21e247df583db9d8b5c3f0e9fe63a,F,537,2,7
1d197f78a8c8aab61dd6c65bbb67a728,F,532,1,1
1d3f33cd7ad422dec1916525d5de97ff,M,537,1,2
1d5d7fbfd028e733de2cc7dc8497e64e,F,537,1,8
1d8e91bc5d820b70244877b5759c0dd5,F,541,1,8
1dd2aa108deb5ac0f8db5069a43175f6,F,524,2,4
1e8a33f3f90f5cfd4061ea7f1a88dac5,F,524,2,7
1eddc22a95c2587e71c3f54579eff099,M,532,1,2
1ef4dffdc929618aa6b981f7703063e1,F,541,2,3
1f1398f2c0c9391a3cc79d2c38b252bb,M,531,1,1
1f410d4a116ce4080333b2f165cf5275,F,532,1,8
1f8faede59a2ba68964b936b54895b40,M,537,1,3
1f9093713847b98f047a3a6514926552,F,541,1,1
1f92ecf8a3ec8231d23b31b41c865413,F,524,2,7
1fa1cd6c4d94fd9fed60d2661e25f22d,M,531,1,1
1fb36c80a765f84dddf26e1a617d3707,F,524,1,5
1ffd3f5719a745a627ff2ef1a5e89eac,M,532,1,2
2078123267bdddc3f508f055cda4c2e9,F,520,1,2
20b38e0dd88d7df1c7426ceadac71ff7,M,531,1,3
212ba3f834fe14ddf4f59ddcbaba99b5,M,520,1,2
2152cdc1584582889bb8231e83aed6bc,F,531,1,2
21695d34f16d966835796af63ce92cb2,F,532,1,5
216c0e07c00293abbc515eb4efaa7c08,F,524,1,1
216d2d1b719da50b475a9d7e046ff9b2,F,532,1,3
21ec87955db7bdfea5c88af45adaf511,M,531,2,9
220f6220a6c4abb0747e5d42b9d45f31,F,524,1,4
2249efea5c92c5aec61d568e0936d493,F,531,2,4
22870ec741c7bf0c8e582c1d842cc9ed,F,537,1,4
22b0be2511bc4e126f8788668522aaf1,M,520,1,3
22d6ef7a356ce37a32f5a103eebc631a,M,543,1,3
231df364e034f7d84f0be09a22ffbf78,F,541,1,1
23658a7749be2c48524e40d46fea1ec2,F,532,2,2
23b49bf27f2514b4d1fae8fb8a0e9042,M,543,1,3
23f106b69b4ed0fc95fc4455cd3ca0a6,F,531,1,3
23fad18649d611467a13a875a4f18f6f,F,531,1,1
24169c2dbf9ceff54cfaa73ebe8682f0,F,524,1,3
245e9b9fb6afbbccb66f115ff9d07388,F,520,3,5
2476d856c549716a97cd361db0dc0da0,F,531,2,7
24a39018560e8e20d2b936c5757b5532,F,520,1,1
24a39bb30ca23f34b21776efedb8b50c,F,531,1,3
24daa981528542b4c870e604455c8dd1,F,537,1,1
250af379a0bc8c44eac88ea6f43a5000,F,532,1,2
253cb00ecb6a4e45f5ed8483f134d089,M,537,2,2
2591204c92559e5885498f24fbfd7c8e,M,531,1,2
2672f4068e5155de8d18e2d0cd23de8b,F,531,1,3
267597fb77d5bf90897c830e6df7c5ac,F,537,1,6
26ce71b1385c1c3840411c755d39c3de,M,531,1,1
2702e93e912f48ea4defd4ef5ab7a0e8,F,520,1,1
27146870eddd6694f780d0ef311b0049,M,520,2,7
2755c833a332c9756be66992e83e115e,M,541,1,2
2770dcb752829b984901abe2bb2d98ba,M,524,1,5
280bf80c57a456cf3945b67f6ce0456d,F,537,1,1
28380cc4c496e1d4fa649ed7ad675a36,M,531,1,1
28aad6e2ae3186157c0c1b1e1e3eb788,F,532,1,6
28c67b71f44a371e7c7a39dcbd13f224,M,531,2,3
2aa4dc3291395957b5e416eff5ffae88,F,537,1,3
2aebbac0cda9713fa9c284eebebc579f,M,537,2,5
2b2347fde84e98d802db803dbb468c09,M,532,1,3
2b7fe73f3dfcff47f6076a86788e4ee6,M,543,1,6
2b82c111edc2663ba32e9837ce910036,F,524,1,6
2b8ec419efe851f4bb9b9aee9958fafd,F,524,1,1
2ba85ff938a05254827b1c0006b8be05,M,520,2,4
2bc64709b8f071fe06e5d09f96f8a578,M,541,1,1
2be160ade0838eab0ed04a14cc7a6de5,F,520,1,1
2bece9054065e2fa702414103a587111,F,531,1,2
2c02f81ec4f6070d5017835320d48e13,M,610,1,1
2c384e7fcfc68279855409f175c7f4f7,M,543,1,1
2c9279259a829e7b44b41588e41b8ce6,M,531,2,7
2cbba99ea48de17b66f90de2055dd4e3,F,520,1,7
2d22b52970597619ced017e3e8ea5b54,F,532,1,1
2d5379ca2819165130ac032060eb6bd8,M,537,1,9
2d633fa81157b006ff2056f0d46f5231,M,537,1,2
2dc31df132883318fa8c24e0fb5c4491,M,531,1,3
2e07bd79cd1bf379761452d42f53e415,M,537,2,5
2e5583fd6b64b7642462814585598d39,F,537,1,2
2e686785fcd772a035fc21c3a01b65df,M,524,1,3
2e906a8cd546fb88f3414f29193540d1,M,541,1,1
2e9bf56e831b5ba3749475bdad4ca3b5,F,543,1,3
2f27a645db09da91f03130ec25704f5b,M,520,1,1
2f6d1fc99e2140e1589eec7fd8c991eb,F,532,1,6
2f7d774fcd38d6a775060608049527f6,F,524,1,2
2fb2ad3a57f108a93e959c639468e14a,F,611,1,2
2fe15680847035d37a4fdcedf4440957,M,537,1,4
300c4774444cd40f40a92ebe033b2fdd,F,524,2,4
301148e6c1ff4098460a822c4c416299,F,531,1,5
301342e5694772bf4332d77820398b8e,M,532,1,4
302abc5efdd48af3d73662810452cf56,F,524,1,3
30cc28f7446e3928a2dc530b6e60e148,F,532,1,4
314916017e10c5370589950dfe6f3813,F,524,1,5
314f1890d1bf0808cee1afef711d5c8e,F,524,1,4
316b794611caa6879169b6e0408f4407,F,532,1,2
31712a613322db37b6757269b4ade559,M,531,1,1
31e32f916b7e9676bb397cee82321606,M,524,1,2
31f55f3a07a8f5d983c8b36cfda0ddcb,F,543,1,3
321149ac08199cbcc7f61ca7a83db24f,M,610,1,4
326dd3fd22fa547248ab354e500d8227,F,532,1,8
327231a19c914f4bb778d62496a96846,M,531,1,1
329087f32c4095ec97560fbb2beb88e4,F,541,1,1
3290a3af87d1e31cda79384dec254801,M,537,1,1
329506397a6fd433aa825fc21cfa70e9,M,532,1,4
329a43fb1c1f7b554ec0f68119ddaec7,F,531,1,1
343c9081da86a883808e66b105cb4456,M,543,1,1
3451753208475466c8d1bb17ca8ec7bd,M,537,1,1
345de3a299bd1dec884a6f9864b9df2b,M,531,1,3
346d2ee534bfc83c1ab20d53f79588c2,F,541,2,3
346e4832bfed11b9b809e7dd74b0a5a0,F,520,2,8
34b4133ee1ba6c3da3ac5357dd8aae45,F,537,1,3
34b53fc45cbd925681f9f2a6d6746bb6,M,531,2,6
352617b1be848e3ed3b89321e4e62b16,M,520,1,1
3526a5ccba56603ba713c9aa01879682,M,524,1,3
35b394c7a4772ec76f83ccea70482017,F,537,1,3
36024a07019fbd2404b878ccca0a175e,M,531,1,2
3661965aced634fef6681dc5ec999b0c,F,611,1,2
3689e84654fd90f8a51290a4b4f67742,F,531,1,8
3691ab330cd063b3414de3854078e371,F,543,1,2
36bb0c52b7d97088ffc39cbdaed56d2e,M,520,1,2
36d55dedb9c1d384ba934e41be7aaca8,F,541,1,1
3724ac2216ab3d64885db9be23eb6b0b,M,532,1,2
37301a5fba4fb543f1ffa55f1197f839,F,541,1,1
37690f5f41c2de2fd2a35329f2b5b7ba,M,537,1,2
37c3a7a29e8604e7920fe87c49df9e27,M,543,1,3
37d6d734c7f1fd39715c975b687bdc12,M,537,1,1
38a01d1b989e0270251c171172766c68,M,541,1,3
3a0b14cf7f09e063ef4cab8462ad0722,F,541,1,5
3a6ba1186ebe7bf82b31723093636e44,F,520,1,2
3b4ec8094919e113d7208456eaff6ea6,M,611,1,2
3bee037453883fb96442739dac802e6e,M,543,2,9
3c149078643f10683cf22602df5a172b,M,541,1,1
3c4eb0785eafcf9ee760d4dc91f19223,M,541,1,8
3c6b8d5fa65cc5f2ece62e107298bcab,F,531,1,3
3cb371e3c474329eab178e0edabdf6bc,M,537,1,3
3ccf6849eb3b48ee2bd02b8e8747453a,M,541,1,3
3cfa2c541dddd84d9645539e117bac17,M,543,1,7
3d2c617577565e6229cec17243647a21,M,541,1,1
3d3b84d0fdabd8632d200a362653c034,F,520,1,3
3d3f6c4a19d5f1c89cdb6ffd82767adb,M,520,1,2
3d4d675af5b49fbf9f46951028995a8d,F,537,1,8
3dc9bd5ab9579373acf3c2cdc9e5f672,F,532,2,10
3e2cbeabdaba5b2ba16463876ec14472,F,532,2,4
3efe4f8d71ccce84959fd62b38818d5a,F,524,1,2
3f02173f3239a275eab576b171b30264,M,537,1,3
3f30294a39ae895dc1e6b13f4bf0965b,M,520,1,7
3f4828f54d9ceae7ac10d3ec86af2d67,F,537,1,2
3f5ca0e8153d79319199d05d0da0bada,F,524,1,1
3f73a6a71f9290a180371a83023c82ce,M,520,1,3
3f9db9ad289055d9a8f3c34a337aa8c5,M,531,1,2
3fa60f2e0e492bfd58ca739b032176ea,M,524,1,2
3fac6cc665f6b4f580890d3117024fcb,F,543,1,7
3fb4b246fc07c0efd412461779b03514,M,531,1,1
402b3054176d7aed4f6f664bf1e80444,F,537,1,1
40ac976811e6d7d1d31be462c8849b7b,F,537,1,3
41b6c6e799ae73149249eb69340bcbea,F,532,1,1
42e55b3c326b065be6c2b94b8d65bf60,F,543,2,4
43288f4519e0e89afc89638ccd794735,F,541,1,5
432977178070a3fc45c88b31f9ef713f,F,524,1,3
4378391896134996a864b355046354ac,F,532,1,3
444eab4545b13c63a2714cd79096789a,F,543,1,2
4493c094509c36589d5da706aefaf8a0,F,531,1,8
449a2c43474b76d2bcb033a69e370bba,F,611,2,4
44a098e3542eefd0385cb685f9d88e2f,M,541,1,1
4535ff7b5d6cd36a3649829a1c7a14c8,M,543,1,1
4656d31e3fe4d8e7ed9f52d7467856fe,M,543,1,3
46690a1277cac0aa8cd523db47de9518,M,611,1,1
469e72d1c28b1b48c8296ec5ae06d5f7,M,543,2,5
46ecfebe52cfe05869673e9a39a530bb,F,531,1,2
4726a47730afce788a5e88074032f85a,M,531,2,6
4735f8092b1343599ba6a16bfe0402b4,F,541,1,2
4747eb03ed2e04599660e2c6b89e267a,M,537,1,1
47838d059a2746448080f13dcb90508b,F,524,1,6
479c16fb1b31b694fd6b887594e791a0,M,532,1,3
48b0a0357836b755c24727f34acc9d11,F,520,1,1
48e4b381ad7e7b41e3acdb551ea5dd8e,M,541,1,3
4904117162cfb3a146a6ad048c2d0278,M,524,1,8
4904c8345745d5d739d9b4217f65277b,M,531,1,5
49147efcfd6007b1aeb086c517dd92c8,M,532,1,6
493e6aeda71f9b0738ae2d43df601f4c,F,537,1,2
493e8a6df9bc08c4bccc8512e276e2e2,M,524,1,2
49421342ea19ee438885143a7dae87c7,F,524,1,6
494c3a970bd4f8548d4923dad523b8ca,M,520,1,2
4957073eb188c341c082e26b4252689e,F,531,1,1
49653ca0facec7f4ae87b3d5ac112429,M,537,1,2
49d8eab8ff43cf8eb6e1244fa267d090,M,531,1,8
4a82d29620c14bf7bc84175fa0b3f3d6,M,541,1,1
4ab1c391a5f4b238000bf483a8d320b7,F,524,1,2
4acf03ed9cb24ed69d6e93f42923cce0,M,543,2,3
4bef48f59033b2634291a6ed80a74057,F,610,1,3
4c2fa9dc91bd2ce4c4ee58f79ffc44cc,M,520,1,1
4c3965bb6e199b9acf59f123086b4c69,F,537,2,3
4c48f2696fbda0ac45808136139fddfe,F,537,1,3
4c8328791d2ca78d2c9510ad4cb67ba0,M,531,1,2
4ca8945dc9710601c2aeff90b5972d10,M,532,1,2
4ce2ce2c2667bf52449cd8b430bd3481,F,610,2,3
4d1d914903d669df8cf9c78159a0fc4e,M,541,1,2
4d5fa43e1f3d8defd96efcff575f1fda,M,531,1,4
4d8c09306afc45324060cd05c04a4b8d,F,611,1,2
4d94fe2187d7169c46f25a04dd119570,F,611,1,1
4e32f2bb7ca4ade0dc0637d62b23efa2,M,531,1,2
4ed71f948cbb07e3e75933ed522cb878,M,537,1,5
4ee450472472d9fcd0a0473a1d9affc7,F,520,1,1
4f01021bfb093ef130d12c668978dccc,F,543,2,3
4f51c25ee44f8dc224c5f45b3e0a061c,F,541,1,1
4f6625f7e925ab815ca7e53919c1ee55,F,541,1,1
4f928c15d3a4386b139a7f71fc6af6c1,F,520,2,8
4fc25ab164142d81c0b05711008a30ef,F,537,1,4
4fda98e1e2048db96183d9a2b75bfc9a,M,537,1,4
4fde823d22a161dcace953be3919005a,F,543,1,8
4feca44a85833ad278eb5503559920b3,F,524,1,2
5008f1c44bcadceb6facd43bd1acb03f,F,520,1,2
5039b19e8f691be5b559fc553eae60d9,M,532,1,1
5065eaab3f073791b47d020451416bc1,F,531,2,7
5075ff29562ddfa03944e0bee4712581,M,537,1,2
50bd7035585c44b0f138347c817dad59,M,531,2,8
50cca73335e9cbe77f5d3aca3b42d2cc,M,524,1,7
5160f7042d8e1f8779a2f463b8e3584b,F,543,1,3
5258efc64f03bcb63d60fd2ed99a426c,F,531,1,7
52696d178f971b311f887bf7b5b6ac53,M,532,1,8
529d149020552ce00f3d7525bcfdcef1,M,532,1,2
52d297bc8a57bd977ff01918565719cb,M,531,1,1
539cdcebdec12d44a7cc011938ecf2c5,F,610,1,1
53ebf935a08377ac9edfc4c1f66f2b33,M,537,1,3
53f55fce5dddb9b0fdbfffba8a982062,M,520,2,5
53f5b0554209759f799beacec5f8b7a8,F,543,1,3
547ed2b0021c3ea8b6b9a10ddd895794,M,524,1,1
5498815ed7347102ac239301cf0e8b40,M,543,1,4
5536f6e166683159269395439f920a58,F,524,2,9
55a3b48fe8fcf920b7676c120fce0f1e,F,541,1,2
55da1e2b2a9fd91720c0c22ed660a0b3,M,532,1,2
5605d5e98d0c5d122936a9e3fe0c90bf,M,537,1,1
5672484c7735f0e4555c09ba4222d01a,M,543,1,1
56ea7099f335864da02e597a81cf1be7,M,532,1,2
5735d719678c32e42f4f34d55ff7029d,F,524,1,3
57e0588e648aa46cd3740c359fc7fde8,M,532,1,4
58001ee12e0d83d3ef129fe357ba7590,M,543,1,2
5882e13d05f32be363f730c67b6c0571,M,520,1,2
588f4264049e59030697e51c1b110c61,M,537,1,3
59176c135dcc92e22402e1c54ec58a59,M,520,1,3
5951aa1fdd77347f9cec6bc166b9bfb0,M,537,1,2
596d9757d32024fb0c28c82eba7cdc61,M,524,1,3
59aac59c3f3a09c649d7483bf65739ca,F,524,1,2
59e196ab57c2428e79d3248fe3a5af72,F,543,1,1
5a72dfa690a0725a33bd88edf1006a83,M,531,1,3
5a8d204254a424805c561c580f9bacee,F,541,1,4
5ab9a5080f8da99fc81314f492f093e1,F,541,2,9
5ad76de8fa421d2124d40a14e2f2f59c,F,541,1,8
5ad80f104a08fa02cf87450948f93697,M,537,1,6
5b08ac4b477d7e35738b8ef819d7f14e,F,537,1,6
5b36a0f7d01bc139c8e25d565f460e58,M,537,1,3
5b53354fb76c06a864bee6be41dad51a,M,524,1,1
5b710079d93c10d512b541c44238ae39,F,537,2,9
5bd75802ad8420c4ef416472f78a8afe,F,541,1,3
5c9db933c4c7f7e855b93dbd6806fbd6,F,524,1,3
5cd51e2854b9dadadbba8adfc9a4c041,F,543,1,2
5cf391a155178eba7b2bde975b7128d6,M,531,1,3
5d011875aeeae7bf70ffe3f0c87635ec,F,520,2,7
5e477b82c8a29085ac1fc18bbab7cc90,F,543,1,2
5e5b3f7f03d4e883f6f07df1d426fce6,F,610,1,2
5e975323509cb2f0deca14bf35f22e77,F,524,2,3
5edba1d7c984a503d756b98ec8161e4d,M,532,1,6
5eee2799ac9086954292e64240bd22cb,M,524,1,1
5f84bf701e47ad9876b0452abb9f4adc,F,537,1,1
5fe77f4737fd99e777cbe9191c81ea28,F,524,2,4
600d2f67cb31020dc35f08df9fc915c7,F,532,2,9
60bcd9bfa3b89851e0f9210fe8e86da0,M,524,1,3
60cd88a71c8d94629479846b8b669a09,F,531,1,3
60d9e87a147c5137c04341ab2d2e6cd8,F,610,1,6
61190849694362f79b4e3d8b5ab3e605,F,543,1,2
611fafea3b32534a3e56ed2b7df71e39,M,532,2,4
616c7ce3931582474ee12e28462ed676,F,532,1,2
61b55ebdadd8536ff6f98918131847c0,M,531,2,8
61ddd5a2c7177f29b03c40f837d995dd,F,537,1,2
61f674a35eb2ca95fece5408b4b4a68a,M,532,1,2
62497a129e048f0476b0f6f12c13f7e8,F,543,1,8
6270c7bddd6a5149a3c153122cee0848,F,531,1,1
62bf96b513cb019b19c36ff3d17900d9,F,543,1,8
62e4c1e05542ef643101805bf5c93344,F,537,1,2
62f4ea9508b47b3d9f017c5a257ef608,M,543,1,3
62fc30b8f9737dc21bb123ae2d6095e2,F,531,1,6
63d1f0257f9a7ac78062ce1f44be7030,M,532,1,6
64a0e4ee7c6751eb5a99c5002b07924c,M,541,1,7
64be89b3359d971f96467d9c21816c2f,F,532,1,4
64d01ee39271ca02cce23552f7924961,M,537,1,1
65e67634793b81d0aeaec7d504fcf3d6,F,524,1,1
660cecc52fc53c01258234eb4258709d,F,541,2,2
666166dff9ad3b955fdd71df028fdf5f,F,541,1,1
66e99f10637f34c53bc271596c6ca3c7,F,531,2,6
6758a05c8aad9e069d815ca3d1cffada,F,541,1,9
67d41f48f3308b7c014e3dab7026912f,M,520,1,2
67f8408a0c8e022f54769e68bfaace35,F,537,2,3
68fdb58677938d874f2c258efb1a6772,M,543,2,4
690b75749f506186f9f29dffef41a4da,M,524,2,8
698fa49d4e6662d4c028033f7770baab,F,520,1,6
69eba349b00938bd774fe1b4004f294d,M,524,2,3
6a408892b29aef517070e8b97743111b,M,532,1,3
6a690a625657b7580f3d04f8b05fc345,F,537,2,6
6ab50646b1d75bd792d0a30b4f18815b,M,537,1,6
6b8bedcf8215cc273018f9d89a6af781,F,537,1,2
6b8eb05fac5892b8ab0a398a2af06562,M,541,1,3
6bae91a55649b82652c93e18ba747487,F,537,1,3
6bcbdf0355f4978125e622166edba56e,M,524,2,3
6bcd5aff091ca241c3ac16f83d752bc6,F,541,1,3
6bf76452d3943e5d0ee558e9158184b5,M,531,3,10
6c03048fa34fef304e790ec0ab641980,F,611,1,3
6c5b0b96c417f15aec08402c5fd9f813,M,541,1,3
6c80271628cd6acdf44b85334dc3d083,M,610,1,5
6ca10fa8d98fc129a3f883e64fa89a17,F,532,1,1
6cc00b29ae560f575b17682587d09aef,M,524,1,3
6d6535db1ba298b4aefb8af7e617da39,M,520,2,6
6dd43ddade0c2154666731bcf05a876b,M,532,1,5
6e0796f474555a92d687b463c2745751,M,520,1,2
6e80ec5539b7ed7ee56ef48ee4cc2ce7,M,537,1,3
6f741c3a08bdd87373228c259203e9d0,M,531,1,5
6f9f155869227455cf9d943acbc85fc8,M,543,1,2
6fb5107a6e5f877ba20ac284d40d5a43,M,541,2,10
700a752384c3c488e0481b03105e7425,M,611,1,2
702aa8bb956d2cfd38cc9e613a545f0f,F,537,1,2
7030c33a7eae6c16140ba2145f0f6aad,F,543,1,3
70a93439a4978eb379bf9bc7dfa04042,M,531,1,1
70c105d9fc84bdf6e3ce4d133eca96fc,F,543,1,2
7138a57d31baa73c1da05106444e2623,M,524,2,7
7156065a1d59919ee26a1d24fc225961,M,531,2,3
7195536d073082211576e186ab5e1c73,M,611,1,6
71c198473e01f7f91b0ca2199a5bdf14,M,541,1,5
72249e9860daa21c06bb476e50750580,F,537,2,7
72baf3d8d8cd363e65c29e87aeb54518,M,543,1,3
72e05d0bb0491f753a1213317d15b984,F,531,1,3
72e2f32488525cd71021797a81aa587a,M,532,2,7
72f3219fdc47b2aa08703d68cf7ed2f7,M,532,1,3
733e7147871509144b9f5207a03ad11c,M,532,1,4
735824d6a39e01e81c2f3641f83b33e7,M,532,1,3
73aa7737c89addb1b51657e1455bb208,F,543,1,7
73f63ff8635a7c838f286dd3481e3e7e,M,524,1,6
745ff50fba4872aa8fa460f7e535784e,F,531,1,1
7481658d3477c53a42d934376c67f961,M,537,1,4
7481ec177f4b64f4c683a9b609f862d2,M,524,2,8
751c38b38720258c01ceabdc286e3b96,M,543,1,3
754957a12713447f6cc07e1f4213793d,M,532,1,4
758e891197056a9e7a8c3832170692d3,M,532,1,3
759089675f54b8c1010cfd9431e946ac,M,541,1,3
75ff88dac659d19258ad1575f3c2db5f,M,524,1,2
761a5934b7f2a8efba8148cc397327c8,M,531,1,3
7652e1ebc77226f9f97b3c79842d04ee,M,543,1,1
776b04a21429807b12cb89410d348493,M,537,1,7
777c04f23742e1fde290b4b3a5e71efd,F,531,1,2
77a89c4e997a75e9c540240915ba5003,F,541,1,2
7847e0e361ff024c7bfc3545ca75b9eb,F,532,1,1
788571b3600172f83605c86572def790,F,524,1,9
78a67724e125b78dc05f2a9b05af130e,F,531,2,8
78c501f112d899842721407c906a6ce4,M,524,1,1
78cef8c5121064ddb62754efcf72956c,F,531,1,3
790e8bfd9fd8b6c8af97943b84e13d4a,F,531,1,8
790f8c00e0dc58ad89dfa2cabb302d7c,F,543,1,1
7911c7d7842a53d4d86f524a3c0a4690,M,541,1,6
79ad1675a7ed7bc120083086f715628f,F,531,1,7
79d7780a8cc21a881108dde01cab7cf2,F,520,1,3
7a34c0e28b10270c0a5bb77374877185,F,524,1,2
7a5a453c266f7a3e6355ce7caece93e1,F,520,1,2
7b152bcad5026c226dfbce5b43a3aec5,M,531,1,1
7b6115310ca307147925eee53cded8cb,M,524,1,3
7b7070a36dd498d154796c672f6dbb99,M,531,1,1
7b79e2fb3c0b33a74c1027466f19b3a0,M,531,1,8
7bcccb60bef9e77e388d311532f211eb,F,611,1,1
7c1bceeefc38c9996f960c21f2f37e19,M,543,1,3
7c40f863a412f2d9b7730ceb11bfe542,M,543,1,1
7cc737680d4e60853c4eea0c1ab79bcb,M,610,1,3
7d89c0e85a7af08cd045db673fbecaaf,M,537,1,1
7db8afe2e33d5e7a3f8fe1b45dd68b5a,M,543,2,10
7e0e6ea94ffc3f9842fdcc73cfd405e6,M,531,2,4
7e1e03fb25fe160261efa8f8928f6843,F,531,1,1
7ea5682bc1585362584ef2594854af09,M,537,1,1
7ec9fe7e2689e8617a461a446a90fdbd,F,537,1,2
7edd606e2408e69ee291fc7897099f2f,F,531,1,1
7f0e0f910e5efdc9300173f096477521,F,532,2,4
7f36d41e346d6145a1a86f9f98903d0b,F,611,1,3
7f42227216adccf0b6b80afe1b41f508,M,520,1,2
7f560534e6e2d21170100e950c4bd22e,M,541,2,9
7f8ccda80199db2502c7149a8726838e,M,532,1,1
8052ffbc5798c4060a445e1674f87558,F,537,1,3
80996e8a068715887b0d66ac246c55d3,M,537,2,8
812a709d9edfb8b017b5de949abfb00d,M,532,1,1
814f20048a7c10b3a5a4e5bc3e943b18,F,520,2,4
8151792e7a7ad2458dbb3f8aaf3e6a84,F,531,2,8
81a9e2be86b9a2c6ec51c3244c1baca1,F,531,2,2
823ff81a97b6c4150fbbd2f0435ea008,M,520,1,1
8249da0784ba0dc3e6207fec6caa1fd1,M,531,1,4
83557819aea635d9e132e22a55727aa5,M,532,1,3
83c502d8c913f4f90741ac3decbd8304,M,611,1,3
841644fb16e1459aedc625993785724a,M,520,1,2
84979c003c3750f1d5509f3b9e1cf729,M,543,1,3
84ab16f5381edae3812d84b7d43af95c,F,531,1,8
85856e7505b3531eccf770619985e583,F,543,1,2
85a6e9f37841a96589ebf850ac01de26,M,537,1,6
85bf5f4bfee04dbf73abd86fac25e4e8,M,524,1,2
863ecbee22896eefe410d789964b118f,M,524,1,3
8657a26db51c741f201ef6b27eab05fa,F,543,1,2
86636cf950cb2a68619a5628828e989e,M,531,1,5
8682842ba53a76e1c7076800ccac5524,F,531,1,2
86eb078feb31e3eb0a004f64738b5e46,F,611,1,3
874091946941fb960829674c812ce411,M,531,1,3
8783eba42cfe8488ce5983add6d43606,F,611,2,3
878e63007aea678c93e11dd4f5ad4c30,F,524,2,7
87b2e11ecdd03e2e99b74c3656d745cb,M,541,1,2
87b7ea6b297abea628fb2f6d31b1813a,M,532,2,4
87c6eddef611ef97c6ca50752edea6a6,F,520,1,7
87cf1de206e320552070106324da56e1,F,532,1,2
87fae005f6a981a73155b038e083688a,F,537,1,1
88040e4af9a6fac27585956125ed0d69,M,532,1,4
8815790b9ea72c7858232fa664e0e789,F,532,2,6
89012bbaabce23dc86d31e5eafb43b00,M,537,1,3
89bbe6ac889329f9b0c60b9061f250e2,F,610,1,3
89d52dd9dc826cee47a711af287ae6bb,M,524,2,2
89e23ba6e04af85e340e1fb76bcfa9f9,F,537,2,5
89e591bc3372fc175bccfcddab9ab626,F,520,1,3
8a50b02ac38593865390f33bde08c881,F,541,1,1
8a5c0265813e78bcaa39e597b86980eb,M,541,2,5
8acf7d7e45258b5c682d3a53ad568628,M,524,1,1
8afa66201a9bc99a49c667d07c8c8973,M,543,1,3
8b24796fe2f12b819c10e1d024fff1d8,M,531,1,2
8bb568546f02a426fde99d505c4978e8,M,541,2,7
8c3e5b61be8eed86a3b76db05e84d2ea,M,520,1,2
8cba886140258084549f81b081862286,F,524,1,1
8dbaf082fb35e5aa9e3e34ed1af543f2,F,532,1,9
8dc047666f75c5eacf1eaf0186abaf1e,F,531,1,3
8f41e91cc997d89192c4f551ad319ca1,F,541,1,3
8f5510ed1435db0780252e5962eedd9f,M,541,1,2
8fffa435a58177392aaa96285c160b58,F,531,1,2
90438f553ff5bb01b7a81f21ca7117c0,M,543,2,8
90468e01f43a004bbbc4be149fb2cf92,F,520,1,2
9062ee55792dda1c14951e7c5a7aa68a,F,537,1,1
90ad70bfb4629e8b596befff1c9a65e4,M,532,1,1
91c5ba1be2446b5e13ecf4a244b69fd5,M,524,1,3
92c00df7adcd62e60b468a66e03e0a15,M,524,1,1
9301508025310da12854cb2c884a9f9e,M,541,1,2
93332e54a2a6427ccb34545b6d8d583c,M,531,2,7
9373f4de2e5264beacd9861f4bdbb81f,M,543,1,5
93ac25c7029d7d47b9acc58302656942,M,520,2,7
94cf76fdd2b5d9afd98356de1b020498,F,531,1,1
94d2a0c3fef7a5329cafb55b93aadf78,F,541,1,1
95da1038205d2e9b64c882801cc27bf5,F,541,1,5
95f8f96c259d986d9ec5c48f8e9d1f0b,M,520,1,3
9613e3615f674f93a4a6506726623266,M,520,1,2
9667afa52bc7e368b2aa2344f2956690,M,611,1,2
97411f135a1f5a547fd310a3b5326448,F,520,1,3
9749c5c2691bd4c56b409658f0320737,F,543,1,2
974dc9bd5c921949e83b285f0ca2eb45,M,543,1,1
975eab940d25716a3675c3231bfd5e33,F,543,1,6
978026bed8776cc0edb0f2bf9b625401,F,532,1,3
97945bf6ae426f25825c2a4d1430bdab,M,524,1,3
9810d4a0ca2b76343e360553b10d66a5,F,537,1,3
98a335740bf06b969458ffb3b50c30ca,F,520,1,1
98c11ace17b4092c57162c039403e2fa,F,524,1,3
991a5239b4c84c8b9a9335293e8608e0,M,611,1,3
9a3abf218c08f3a8db553b86adce5329,M,524,1,3
9ad899fcfcda5b54e7306b2ce35b79f1,M,541,3,9
9b2ec3f4830bc7fa71c736135923a4ed,F,543,2,3
9b39c5773b4d1d2d8507f1812f2272c3,M,543,1,3
9c1d9610e53dd4d51959970938af2b40,M,537,1,2
9c3b17254971c4a59724d9cc1440844f,F,524,2,6
9c8feb53020ddebcb043f5f1c58d74ff,F,520,1,3
9cd61a5281883993d00868f94c5bc152,F,537,1,3
9d0d22f8ba3d76db5c8240955de2678c,M,541,1,1
9d1855c2ae296127b0733026819bf48d,F,531,1,3
9d4f7ccdb20f5f5ec505ccae1a76e613,F,531,1,8
9da47df7fefe03c6354a21a770123c49,F,541,1,1
9e37d9bdd46301d592d23802aaa3f043,M,532,1,3
9e89b6881d3cef318255c3b36d23ac9b,F,532,1,6
9f2818bc023db19314d475926743f6b4,F,520,2,7
9f3b96e84824e00ce602b78b32ab4d9f,F,537,1,4
9f6f9de8caeee2da41fc7adeb7166722,F,520,2,4
9fb18b0ee577bfbe93826dce8dc705cb,M,611,1,2
a083c0c1bcb9b1609b1ac5f9945fad71,F,541,2,6
a08db1c94292be7314a3b3635ef0f3f3,M,537,1,3
a0bc06c0324ed1569c6478b12ede2a52,M,541,1,1
a21bc855fa88f1dd07acb3986e7d6715,F,537,1,2
a232b9e1f1af8e4a30ee3795a98c7759,M,543,2,3
a238327d633029b20fcef91313042d0a,M,537,2,3
a2b93153f061ac9340acdb0dc7e9fc24,M,524,1,3
a2fcbd3d3d530f6baad35babd11a8ef0,F,543,1,1
a2ff91679dd0fef96d437a5334843735,M,541,1,3
a3020f45c2ce2056de6224046c6a78d6,F,531,2,3
a36c7f498cca795c1ae4dfc435039b68,F,541,1,1
a3af073dfdfc2058977bb9ddbb7dffca,F,524,1,2
a3bfb3a4377cc6cdb5683322201880eb,F,537,1,1
a43505cac1ab5bf6e6d0ba9d92b02fcb,M,532,1,9
a4484c147081f73e84499eda9b8efca6,F,532,1,3
a4bc728a67981d842e028cc71d8a0d27,F,543,1,3
a4d3eac2dc9d661fe482d2d92ba2f368,M,537,2,3
a534d5fca45505a31afe55e243bdaf58,M,520,1,5
a547aed7e31c5ff9f5b3cd1e50f8e6e6,F,537,1,4
a5a9f88beab136e1b9bd875a3a9bdb69,F,532,1,3
a610e7903d5de8585b8311179b134ce6,F,541,1,1
a6300a77f87b55d7326210a433ae84c9,F,532,1,3
a68a5e5b9cd1d79a23e23a7b87bd6625,M,537,1,1
a6bed07e7c6e60131b8646d04a0e1a20,F,524,1,2
a74274b48d9f782aa4d01a37f0fb0e35,F,520,1,1
a76870bbbe1b922e4d36223550c3ffaf,F,610,1,2
a7f7c2f30982bc89bc400592827ada96,M,532,2,8
a8300911131fce494e129739afeece2d,M,541,2,7
a857cdcc796c8d5e6d84089d4094cd32,M,524,1,3
a974c8df46f467dfdd0c4763300e3bf7,M,537,1,1
a9b9e99377029fdc914e37d63749a1b1,F,532,1,2
a9cc14330fb97bae8b3765a53f9ea295,F,532,1,3
a9dc4500a8ac509ea8786bb0b6b6b269,F,537,2,4
aa7a053483fce8a3667be9171661c939,F,532,1,3
aa7f36806e31bb48648a33efe5d7876e,F,520,1,1
aa88e1a04f251bc4c533c7c32a14acb5,F,531,1,9
aa9e04149b975c9339f1c0c74b7b985d,F,524,1,2
aabe22de0cd5f343f7cc12df7fafa7db,F,524,1,2
ab343bfae07e14ccda44678880dc8f94,M,531,1,6
ab3de01883f514330d993e8e1ee93ee3,M,537,1,2
ab5e11183c05065f2d37d3e3c1198927,F,520,1,1
ab621e47e28310b1ebdbe75a528494ff,F,611,1,3
ac2ba19646a469950e113b6ff1e0f830,F,537,1,3
ac2cfb8b522f8b55d333b2c4f0a3881c,M,543,2,5
ac4c33b7a1e99af7b058c49aedc0935a,F,541,1,1
acaac3b358df777301076cd23f829892,M,524,1,5
ad042a56986b9c18ec80b89a94386814,M,610,1,5
ad264454d58d6938c7019e4cab8827a4,M,531,1,7
ad4c3a13a1f85b0a71da0b064586fd58,M,532,1,2
ad4cf3002d527bc95879c6b26cfbdc17,F,532,1,3
ad7895c6c43264e4c26c5a1a3190d5e0,M,541,1,1
adf6748e3b88bb95ea604ab64d010a62,F,541,1,3
ae10f32076d0dfc8f08d3eb4b458df36,F,532,1,1
ae73adbf123d679622306b9b8c3c1a4b,M,532,1,3
aec00a4787e29015d4e9e8c1b526f30e,M,524,2,4
af0dd5c6e80ace908524aca807d9b283,F,520,1,2
af1a2282dde40ec3c77dd3c864384e41,F,537,1,2
af1ddc0cfd5625742d0987f7c07e3d5f,M,531,1,2
afe1d4c119f5cdafeaf434195a56dd16,F,543,1,3
aff2e129b6dc430a28352caa3f781351,F,532,1,6
b04a2788d5e1c206a3ddb529b1371ca9,M,532,1,2
b094cdc3fac3cb9c5b640baa55837912,F,537,1,1
b13f110ee60d01f57a9007be043fc20e,F,611,1,1
b18680fb36611c5f62acc00d5d4c512e,F,520,1,1
b25ab6bc2a2070315cbac497ef947c29,M,532,1,8
b33378f7493b28a9217ed40b6e1a15e6,F,541,1,3
b33b3030ea662e5f2e74e302acddcb20,M,524,1,3
b3e4c9659dd011b57468648dd2c826d6,F,532,1,1
b45e697f424044b1f8e79598e8358a42,M,541,1,8
b486f9aa8d01954872599e9bc6e8d1d8,M,524,1,2
b4c941d222ec6dad15ddae47f6e1afb3,M,541,1,2
b4e552fd1d3436233a002d15ddc68b75,M,541,1,6
b554640dc1e43f31a9260e1497b8de91,M,520,1,6
b5924e8d14194222c25cb4e73f932dde,M,541,1,6
b5c83baa5bf6c2b4c61017e6900aca0b,M,543,1,7
b612be00e3642e33de2e01435c64dfa5,M,532,1,2
b624d4b8f1ec56185a655fa369b6d7d0,M,524,1,7
b649a42ca060ac2125994d4eb824c877,F,524,1,2
b69b0e2e0ad9677ced5c6a832b640529,M,520,1,1
b6b75d5041de242c5bc9eac21d7900c1,M,531,1,7
b6dc88b7182c2877054740f07f0e7ca2,M,532,2,6
b75cae5d5f6ab244cc17d0361c926211,F,520,1,3
b7a9ef580110cce01fbfba1ee573c1f7,M,610,1,1
b8489fbc0c399296638be9fc061c693f,M,520,2,6
b86126bd3e7a2c01be13ff3ca11049ea,F,541,1,1
b8b425081bb9383b0d6abc540dfd9e67,F,520,1,2
b8d7edb5637e4bd7cc28b7bb682a0d52,F,524,1,3
b8f43ce8a4b4b7819ec2c4b9d9857da8,M,531,1,2
b8f4c71b7c5491a21c622df8cffeb26b,M,543,1,1
b97c01c2241d096ef523035d97b3e01d,M,532,1,5
b9fc666f0b1279761cad14f07968335f,M,543,3,8
ba01981379ef8e4e9b52a23ce4a25934,F,537,1,2
ba289e5ff711c3410af8e8405f5bfd9c,M,524,1,6
ba669ff8ff087dbac9a4872e1f964f96,M,532,1,1
ba89e21174d802e36d3e53b1b4795008,M,520,1,3
baebd07775ad8d0faccce71fb91d6797,M,524,1,4
bb470dc065c4d0abcda69489ca48ff0d,M,543,1,1
bb6dfc86a58a1530870236150589562f,M,520,1,2
bb8b7d3603dd091b04b571feae1e6584,F,531,1,5
bc2fc094733666e2fd40a27479d0f939,M,541,1,3
bd25ca365f0a9123c494932b78969ade,M,543,1,1
bd70a57bc45b54bcca2960ddea0bf94c,F,532,1,8
bd94bb2d4612cf6309651f435e56f8b9,F,537,1,1
bdea69d47a978883247b39b0cd4bc125,F,532,1,2
be4492d6ffeb5e4a678a79d9b788ac60,M,524,2,7
be9a48f2581054084f7a482bf9bfa6a2,F,531,1,5
bf7598d8d8fb9fd6b8ab1b17f11e1b25,M,524,2,6
bf9711fff84a39357514769d6cb33f6c,F,532,2,6
bfa6e95b3695193fb2b4734f9cdecde3,F,610,2,3
bfb37eb5209a6712103b1763ecd307b9,M,541,2,5
bfe60cc81ea50dffab1189c05584fa11,F,520,1,3
c022a8eb4debb208e8475ff6dd2fa950,F,537,1,3
c033d05c919035c06077f2432f76998b,M,532,1,1
c091c80e2a0e68cc08c05d5c1d818125,F,541,1,1
c0c6c853a06a398817c54c81fc89820b,M,524,2,8
c127e4d708f410fe422e4be5b17b8b3b,M,537,1,2
c243cb957b795bc21a64119664c9b13b,F,537,1,1
c24cfa975d134bd045df6fabc06bb364,F,537,1,3
c26c671863fbd8472cef36dadeff193c,F,541,1,9
c273849c3dad930faa90aeea8fdc74da,F,532,1,1
c2a3961c1a2739862b36c94e8d742bcc,F,532,1,2
c2d994216f108edf3cdf5f84c3439eeb,F,532,1,2
c2f3ee93a4f71312890462ccddaf6f96,F,524,1,1
c37c5e392b271825283414f14b8498a8,F,610,1,8
c3fb70f3f3e35e7b9eca07df56d14456,F,541,1,2
c437c33a637a7be295e2fbf33bb93413,M,543,2,2
c4c5286495da15b1529c153238b110ad,M,531,1,8
c4def08820e8cbd51a39e92825aa0d8a,F,520,1,1
c589ef455f69ccc997421ee02c6da95d,M,524,1,3
c599b725c24b470f4788358682595ef5,F,520,1,4
c5dc62de7a91d571dda9915081fea16c,F,537,1,1
c683c109301d6d25c2140704ad93cdd1,F,611,1,3
c68891b782d2030015102c4262716994,F,520,1,2
c6b99721f83b386eb267c01ec12bdefc,M,537,1,8
c7007f92ae708dbec2df34ee3ba20b76,F,532,1,2
c702a246b4442a28fa90228c68558bd3,F,531,1,1
c721cf138bd3973763c83654f06e22c3,F,524,1,3
c76de60b15149e6e9de02fb9d417e23a,M,524,1,10
c7e352178d08ce36bc24eb49a7e6674a,F,543,1,3
c805958af2cc49131ccfe01957173ec0,F,520,1,6
c87c157b573234d259b9cbb88858c8d4,F,537,1,1
c8ad11968bad4f89bdf8eb4cc31145d2,F,524,1,2
c94d872096b2bd59036fcac04c412ef9,F,543,1,6
c9b8d8330b3acc159ff62b5630c443d5,M,532,1,7
c9c58857acaea8aa47469f723cc0e51e,F,537,1,4
c9cb3154d5eb8b8379733645bbfba2d0,F,537,1,3
ca42dd24b2086a15ee9ff817d20bbbe5,F,524,1,4
ca476e14d7464635dc590bad1f7f04b4,F,541,1,7
ca7a493c8b1e3e707cecba4fd9eece9c,F,520,1,4
cacd1e74b5108bc9f7c4c0c3f703fc61,F,524,1,1
cafd1fb952115643228e61f19cc145d2,F,543,1,5
cb1fd7d57dabcc336d4e0187db4e1950,F,532,1,3
cb2d636a539def5e47e1aa61b3d945a5,F,524,1,4
cb44c58ffa4b2ee0d226841aaefbd7a0,M,541,1,3
cbf7c5440f05eab6e1ce39caa20dd82c,M,541,2,7
ccba2f3eb56094567b2d7ae632f34ba6,M,524,1,1
cd0f36f88a95642acced43b424346a02,F,532,1,1
cd590a1d8f513653b84e163d3460d4db,F,532,1,3
ce4d37d5e1e634d7039168f467cea840,M,520,1,3
ce544462f91f1bf4ec9d4676816e421c,M,543,1,2
ce8657928c348878b1ef0cb3a2e2a29c,F,524,1,3
ceb751da5d7138998161a4f7b548caf5,F,543,1,3
cf2588349c8709d4f54b9ed5960b83cc,F,532,1,2
d0696bb11cf5c5380d67a9b00bbc3501,M,537,1,2
d06d6c8e86ddaf182b3dbb4418b79701,F,541,1,9
d07728f0f42825c207cb2b3711ec716c,F,541,1,3
d07f0753539228fdaff3d8b17895bc0f,F,543,1,8
d0a24ea1e861147f5d7471f8e9e8677f,F,532,1,3
d0f09a73709488248755720b21d646af,F,541,1,5
d140b00637cffcfc02a1f53781bdde51,F,524,1,4
d16e9655aa087ef653b6cd82754aa90d,F,537,2,4
d1d711144f65a25082d44790897c0ea9,M,537,1,2
d251ad472d91c9aad7397b25f1fcefd9,F,537,1,1
d267538ca5b6d437a2990f649570f5fa,F,543,1,2
d28f63244f573dd73a01f9a0af135042,F,543,1,2
d2c38d65468433d4949bdfd989570954,M,537,1,9
d2cfa0bb9ef0328fd0b07cd9e7f8689f,M,541,1,3
d2dd95632db64feb9db7629324b428a3,M,532,1,2
d3082ae7c7fa1c6aef906343acacbd1b,M,541,1,6
d3338e03f5582005c74fe62a92080561,M,531,1,10
d33a127739fdde56c8ac3be5412755ca,M,537,1,2
d381c15017162cc2d38f061103b6ac9b,M,531,1,8
d3a2ee9666403ea213394ed7660cc3a8,F,541,1,2
d4197896f0b1eb0edcdb8a5737b13403,F,532,1,2
d43346b2e98a9736e55e4566f580e3ea,F,531,1,7
d46d251ce19a408f5ce8a76d0aa6d461,F,524,1,3
d4c852e887ebef9a5bc5b3dcf280e72c,F,531,1,3
d61402744e4320630163027037556c14,M,537,2,4
d65061b0226ac583a4c5b7cf03f1da8e,F,541,1,3
d6d8aa6fcd59a2c10ebb37cb59b5eaba,F,537,1,1
d73716f288db9446912bb3687637375c,F,537,1,1
d7573c8728da3af5bb8111c0e4a69927,F,520,1,3
d771b6c459eabf287b36598d688b9f5c,M,541,1,1
d7bf183ae361b1faad5ccef1e23d6063,F,532,1,3
d7ef9cebf67a831b38fb9cd52b129aac,F,537,1,2
d81083932bcac8281452fef037558db1,F,524,2,8
d873dbd2ba078a239fa9f12bc48ed863,F,610,1,8
d89bf2a6a72a2cdd411a478999b35e2e,M,531,1,1
d8fa75f9a6808770a7a05c11b3b71f79,F,520,1,8
d9004d75439991f43a0a56de347f79a7,M,537,1,3
d9c78123812ef252c7dcbecf0bcc15e9,F,524,1,1
d9d0d08e23d6b9bad2bae364feca3ea0,F,520,1,3
d9d595600a2b228894b5f9de08f6b606,F,541,1,4
d9df22762f01f2ed622aece713c05246,M,541,1,2
d9e8d1edcb1bb289ab686a881fcfd5f3,F,543,1,1
da180c5aa4136c660a3c5c82e1ae3563,F,532,1,3
da47df6c6112299910cb78d6ec04c4f4,F,543,1,3
da4e0d6f478d1ed4afd881f07d181cfe,M,532,2,5
da5be4a831688310727409394fe77a6a,M,537,1,3
daf923a0964d602409a1a67fb1eb37b2,M,537,1,1
db71edca3d15e83e0f66fc59e40c3387,M,543,1,2
dc2d108965c0868808bd6419832d7a41,F,537,2,7
dcb86aaf08dab2476d7b572337a3fc74,F,524,1,1
ddf7306add885e3e7cbc8755bc9b65be,F,543,2,6
de14e769fddf105e58f1627e94bfdd64,M,537,1,2
de23bdd5a0d759391bdde45727a9c6d9,M,532,1,2
de40066c1f81de813690380dec390f61,F,541,1,3
deea4a20641e2f2e3473a5f373c11d79,F,537,1,3
df164f81e6afe761f31c275979896c39,M,537,2,4
df780ff1081133b75a44657461989732,M,520,1,3
dffad3c7d7956e1dffa92d37980c76cc,F,541,1,3
e099012a97834bd8e40119f965928f97,M,524,2,5
e0ced9c4624d81d05ccb472968b6a834,F,520,1,3
e0f4d672b023b77f755155dd7bf84592,F,541,1,3
e206a0d94036b799f3676be1e183f8c8,M,532,1,2
e26bacf442b07750dba494ff0a2860b4,F,610,1,6
e282248ee4310b2581f8815f943f43a2,F,541,1,8
e283be289901b0a243c3411d5c4b03ec,M,532,1,2
e2a58976140de9b690b8916de6fb51a0,F,537,1,7
e2b5c035cb1f66aa6de2f7c838a33793,F,541,1,7
e2b72a312bd48be3d987cc3411d16f89,M,537,2,7
e2c2886855b779da5dd5da46e6d78e51,M,541,1,3
e2db11b88a6c2e7bb5adfb92d6f8b194,M,532,1,5
e2e8a847af1d06369e93715f30b72c26,M,541,1,10
e2f1fffb69d26ee3c818615227293d26,M,541,1,2
e4215793d7c837c20b0358534c35ed9e,F,520,1,2
e49da203fee60402cbb2bcf160646dfc,M,541,1,1
e5070443018bdfafd0bc880a0e11e472,M,520,1,8
e60ee09ecfa0b615e4474e561e182053,M,532,1,2
e66931981e5ddb0a3672ffb1bb2625e1,F,532,1,1
e6afda212ba2e23fc8cd68452d11c137,F,524,1,1
e6dcd0f2cdcbf73ed39b82ed3d205d1f,M,541,1,4
e777e4941eca0fff0699effd5f7cb71f,F,531,1,8
e7a242fb3fe371d3b8b0b7706a8c19bd,M,543,1,1
e7e9cfdd244fee5dc7e1ca24a099f786,F,541,2,6
e817bd4440f797da9bfe93565852bc37,M,532,1,3
e81b8ecb025084f55df6045afbc84a0b,M,520,1,6
e862983ea01081672864853c0fb5af2a,M,537,1,1
e8708dadc13d9b01ca9897d484bd640d,F,520,1,2
e8729c4d093a512fa4777b63a42f2d95,F,543,2,7
e89bcb1636bab904582246e3a8cf8de2,M,531,2,6
e8d583c6526db50c6e7b1637204890b7,M,531,1,2
e8de4d6bd70f2b15cb0b0ff7ebf87515,M,531,1,3
e989ec1a6220681650544f754f23762c,F,541,2,6
e98daf81aa117a06a1deb90f752b3da7,M,541,1,3
e99cec086bb95556f006ec4b12be3573,F,532,1,4
e9a7ecc4a50ccb50d40daa3f8f95a588,F,543,1,1
e9dd9cdbe40c877b562ac4be3e6b7645,M,531,1,9
ea2faed31bc97ca4aa41f01bb48820b5,M,524,1,2
ea350581eeaf1f21dac103fc53165629,M,520,1,5
ea409234dd1aaf99f1a3927d059445a3,F,541,1,7
ea90b7c97115f13669d2af748f03fe25,F,610,1,2
eac6f7f894f061cd0598acbe56f01ada,M,543,1,2
eb1888e88f022d9751e6fea0fc2e9f89,F,541,1,2
eb3d8f5a3d34be0ef5c1b6744d9b044a,M,532,1,8
eb9a3afbab1a3df3e30f5eecf2cf1d0a,M,537,1,3
eba7a176d58b63f803d341f56a68fc0a,F,524,1,1
ebecb3ab89d55495b8e135452a90af05,M,541,1,7
ecd29a9a5d9b9c1e59b7e5cceeb6fe86,M,543,1,3
ecfd03031d2608c068af1f251ce2144e,F,532,1,2
ed46e84d7b5617396307307928322ab1,F,532,1,2
ed615e6c3e75fd2887165c0885a68a5d,M,532,1,1
ed6172d940c957d86a1a8afff2f4810c,F,520,1,4
edeb4c4fbe6764a8729381ee33a7a9ce,F,537,1,8
ee3c8a907cd760ad41ec6ab7b478e4f1,F,532,1,3
ee9bc5e9cc3b7643419634028e393a5b,M,541,2,3
eef15deaebc7501c3920b6885a249872,F,531,1,3
ef3cd5b64d66f0eafba2081d189b6d29,M,610,1,1
ef51d451974a92791526086ac17214e6,M,531,1,10
eff371d088af19c4c0b97b9616095806,F,524,1,7
f025f8275575887ca5abc8fd5954928f,M,531,1,9
f05f9fcf5e2f49083e9155d0a8787a46,M,531,1,1
f06ac204893117443c4bb09839c1868a,M,531,1,2
f11b6174c469118632ae93e30776fd7c,F,524,1,3
f15ce70585cba7bd74dd077cf35acf62,M,532,1,3
f1beb7f6641c565f52cee063badf628c,M,541,1,4
f1cccf4f0b18c5b000cbdd7b1f65f65a,F,524,1,7
f202b51c3e9fb1db55090df50fc8439f,M,543,1,6
f29552f099009bf3676689fa7ad013bb,F,531,1,10
f2a40e8fd46fe84b3a32b14b6867cb17,F,537,2,7
f2c427630089df62b64f5b94c542b518,F,543,1,2
f2e1eb1bfe174f2aa2ac79374588e1f2,M,531,1,3
f3197ffca9313a1cc63715c78dac0964,F,610,1,3
f32df4977c87759a3e14ba6ad76b3db3,M,520,1,3
f3ec12b23681bc428dbf078903c5cc50,M,541,1,1
f40f6fd6b9584114ed28e3d7d4f35848,F,543,1,3
f42492fec1719bfcc2290a05830683d5,M,537,1,2
f54df477326e0c34efbb3dc57af4513b,F,610,1,3
f638245a524d26122c7788c8e6bcc404,F,532,1,2
f68151430542331b835a3a0df0ccaadb,M,541,1,5
f6b38ccdfaeee675725d77a35ac62c92,F,531,1,1
f6da363ad368073d766bd86c8b735e07,M,543,2,6
f6dc17ba227194513fc81efab283d903,F,537,1,3
f6fa9e5cc8c969611ef0b43565568bcc,M,537,1,3
f70682863767f3a948f9bedbdc6c674a,F,541,1,2
f7661dc863f7f42b0e8729043a458622,M,543,1,9
f77e56a03691a0e9f7b145368d030e6d,F,532,1,2
f7daed4bbbba71a939e72b99379e85c0,F,524,1,7
f7de9578403a81c9cc43da57da6bd88a,M,520,1,4
f82ec22e8478d9404ede7d23d34ca15f,F,537,1,5
f868a898058af05e3ef06231c4c473ec,M,537,1,3
f8714194000ea98f2f5a72aac7b0bf6c,M,531,2,8
f9fd7f1889ccd6259324322967e3feed,F,543,1,3
fa0aece4ce7aa16ebe1720b3ec6166b8,M,543,1,2
fa168bdbab8760c3b68a3fb0f79f8f50,M,524,1,3
fa1d72c51718a4690641aa323766a061,F,524,1,1
fae1950c82e5112d0c36cb223c95aa7b,M,520,1,2
fafe0ad170a4a8b8644fc81126d7e710,M,532,1,3
fc0bf23cdb297321752c7d9312e52b62,F,520,1,1
fc5421b199bc09a115b5c739d9ddf4ce,F,531,1,4
fdc5f238d402d9fe0cd719f6bb294c80,M,520,1,10
fdd333fc75228e60ebfb58f2f03fa7fd,F,532,1,6
fea33e41455ca061d56d611cadc1fac4,F,520,1,7
fec49c29f63a4f99b356ddf32496d86f,M,543,1,3
ff1e10cba3a504e4995ab380ad50cb73,F,531,1,1
ff76cabab32ee74889cc89b2cbaccc6e,M,524,1,9
ffdeaf6fe9a3a3537a24673a2be15bd7,F,541,1,5
