icd10_code,description,category,is_chronic
A41.9,"Sepsis, unspecified organism",INFECTION,false
E10.9,Type 1 diabetes mellitus without complications,DIABETES,true
E11.22,Type 2 diabetes mellitus with diabetic chronic kidney disease,DIABETES,true
E11.65,Type 2 diabetes mellitus with hyperglycemia,DIABETES,true
E11.9,Type 2 diabetes mellitus without complications,DIABETES,true
F31.9,"Bipolar disorder, unspecified",BEHAVIORAL_HEALTH,false
F32.9,"Major depressive disorder, single episode, unspecified",BEHAVIORAL_HEALTH,false
F33.1,"Major depressive disorder, recurrent, moderate",BEHAVIORAL_HEALTH,false
F41.1,Generalized anxiety disorder,BEHAVIORAL_HEALTH,false
F43.10,"Post-traumatic stress disorder, unspecified",BEHAVIORAL_HEALTH,false
I10,Essential (primary) hypertension,HYPERTENSION,true
I21.9,"Acute myocardial infarction, unspecified",CARDIAC_ACUTE,false
I48.91,Unspecified atrial fibrillation,CARDIAC_ACUTE,false
I50.22,Chronic systolic (congestive) heart failure,HEART_FAILURE,true
I50.32,Chronic diastolic (congestive) heart failure,HEART_FAILURE,true
I50.9,"Heart failure, unspecified",HEART_FAILURE,true
I63.9,"Cerebral infarction, unspecified",STROKE,false
J02.9,"Acute pharyngitis, unspecified",INFECTION,false
J06.9,"Acute upper respiratory infection, unspecified",INFECTION,false
J18.9,"Pneumonia, unspecified organism",INFECTION,false
J44.1,Chronic obstructive pulmonary disease with (acute) exacerbation,COPD,true
J44.9,"Chronic obstructive pulmonary disease, unspecified",COPD,true
J45.901,Unspecified asthma with (acute) exacerbation,ASTHMA,true
J45.909,"Unspecified asthma, uncomplicated",ASTHMA,true
M17.0,Bilateral primary osteoarthritis of knee,MUSCULOSKELETAL,false
M17.11,"Unilateral primary osteoarthritis, right knee",MUSCULOSKELETAL,false
M25.561,Pain in right knee,MUSCULOSKELETAL,false
M54.50,"Low back pain, unspecified",MUSCULOSKELETAL,false
N17.9,"Acute kidney failure, unspecified",RENAL_ACUTE,false
N18.4,"Chronic kidney disease, stage 4 (severe)",CKD,true
N18.6,End stage renal disease,CKD,true
N39.0,"Urinary tract infection, site not specified",INFECTION,false
R07.9,"Chest pain, unspecified",SYMPTOM,false
R10.9,Unspecified abdominal pain,SYMPTOM,false
R50.9,"Fever, unspecified",SYMPTOM,false
R51.9,"Headache, unspecified",SYMPTOM,false
S06.0X0A,"Concussion without loss of consciousness, initial encounter",INJURY,false
S52.501A,"Unspecified fracture of the lower end of right radius, initial encounter for closed fracture",INJURY,false
S93.401A,"Sprain of unspecified ligament of right ankle, initial encounter",INJURY,false
U07.1,COVID-19,INFECTION,false
Z00.00,Encounter for general adult medical examination without abnormal findings,PREVENTIVE,false
Z00.129,Encounter for routine child health examination without abnormal findings,PREVENTIVE,false
Z23,Encounter for immunization,PREVENTIVE,false
