batch_id,check_id,severity,rows_flagged
batch_001,UNRESOLVED_FACILITY,error,27
batch_001,DISCHARGE_BEFORE_ADMIT,warning,7
batch_001,INVALID_ADMIT_DATE,warning,17
batch_001,INVALID_BILLED_AMOUNT,warning,50
batch_001,INVALID_DX_CODE,warning,29
batch_001,INVALID_NPI,warning,18
batch_001,MISSING_DOB_NO_LINKAGE,warning,28
batch_001,UNMAPPED_ENCOUNTER_TYPE,warning,21
batch_001,UNMAPPED_PAYER,warning,19
batch_002,UNRESOLVED_FACILITY,error,4
batch_002,INVALID_ADMIT_DATE,warning,1
batch_002,INVALID_BILLED_AMOUNT,warning,6
batch_002,INVALID_DX_CODE,warning,17
batch_002,INVALID_NPI,warning,1
batch_002,MISSING_DOB_NO_LINKAGE,warning,4
batch_002,UNMAPPED_ENCOUNTER_TYPE,warning,1
batch_002,UNMAPPED_PAYER,warning,7
batch_003,UNRESOLVED_FACILITY,error,1
batch_003,INVALID_NPI,warning,1
batch_003,MISSING_DOB_NO_LINKAGE,warning,2
