batch_id,file_name,source_row_number,source_system,source_record_id,errors,field_reasons
batch_001,encounters_athena_clinics.csv,9,ATHENA_CLINICS,132219,UNRESOLVED_FACILITY,"{""facility_name"": ""UNRESOLVED_FACILITY""}"
batch_001,encounters_athena_clinics.csv,197,ATHENA_CLINICS,133141,UNRESOLVED_FACILITY,"{""facility_name"": ""UNRESOLVED_FACILITY"", ""discharge_date"": ""MISSING""}"
batch_001,encounters_athena_clinics.csv,213,ATHENA_CLINICS,120348,UNRESOLVED_FACILITY,"{""facility_name"": ""UNRESOLVED_FACILITY""}"
batch_001,encounters_athena_clinics.csv,341,ATHENA_CLINICS,133969,UNRESOLVED_FACILITY,"{""facility_name"": ""UNRESOLVED_FACILITY"", ""discharge_date"": ""MISSING""}"
batch_001,encounters_athena_clinics.csv,348,ATHENA_CLINICS,118315,UNRESOLVED_FACILITY,"{""facility_name"": ""UNRESOLVED_FACILITY"", ""discharge_date"": ""MISSING""}"
batch_001,encounters_athena_clinics.csv,354,ATHENA_CLINICS,137962,UNRESOLVED_FACILITY,"{""facility_name"": ""UNRESOLVED_FACILITY""}"
batch_001,encounters_athena_clinics.csv,443,ATHENA_CLINICS,139823,UNRESOLVED_FACILITY,"{""facility_name"": ""UNRESOLVED_FACILITY"", ""discharge_date"": ""MISSING""}"
batch_001,encounters_athena_clinics.csv,558,ATHENA_CLINICS,124865,UNRESOLVED_FACILITY,"{""facility_name"": ""UNRESOLVED_FACILITY"", ""discharge_date"": ""MISSING""}"
batch_001,encounters_athena_clinics.csv,631,ATHENA_CLINICS,134023,UNRESOLVED_FACILITY,"{""facility_name"": ""UNRESOLVED_FACILITY""}"
batch_001,encounters_athena_clinics.csv,642,ATHENA_CLINICS,125532,UNRESOLVED_FACILITY,"{""facility_name"": ""UNRESOLVED_FACILITY""}"
batch_001,encounters_athena_clinics.csv,677,ATHENA_CLINICS,118863,UNRESOLVED_FACILITY,"{""facility_name"": ""UNRESOLVED_FACILITY"", ""discharge_date"": ""MISSING""}"
batch_001,encounters_athena_clinics.csv,733,ATHENA_CLINICS,131402,UNRESOLVED_FACILITY,"{""facility_name"": ""UNRESOLVED_FACILITY""}"
batch_001,encounters_athena_clinics.csv,778,ATHENA_CLINICS,132043,UNRESOLVED_FACILITY,"{""facility_name"": ""UNRESOLVED_FACILITY""}"
batch_001,encounters_athena_clinics.csv,819,ATHENA_CLINICS,128186,UNRESOLVED_FACILITY,"{""facility_name"": ""UNRESOLVED_FACILITY"", ""discharge_date"": ""MISSING""}"
batch_001,encounters_athena_clinics.csv,836,ATHENA_CLINICS,116824,UNRESOLVED_FACILITY,"{""facility_name"": ""UNRESOLVED_FACILITY"", ""discharge_date"": ""MISSING""}"
batch_001,encounters_athena_clinics.csv,839,ATHENA_CLINICS,121203,UNRESOLVED_FACILITY,"{""facility_name"": ""UNRESOLVED_FACILITY""}"
batch_001,encounters_athena_clinics.csv,853,ATHENA_CLINICS,127835,UNRESOLVED_FACILITY,"{""facility_name"": ""UNRESOLVED_FACILITY"", ""discharge_date"": ""MISSING""}"
batch_001,encounters_athena_clinics.csv,876,ATHENA_CLINICS,117616,UNRESOLVED_FACILITY,"{""facility_name"": ""UNRESOLVED_FACILITY""}"
batch_001,encounters_athena_clinics.csv,953,ATHENA_CLINICS,104644,UNRESOLVED_FACILITY,"{""facility_name"": ""UNRESOLVED_FACILITY""}"
batch_001,encounters_athena_clinics.csv,1083,ATHENA_CLINICS,134910,UNRESOLVED_FACILITY,"{""facility_name"": ""UNRESOLVED_FACILITY""}"
batch_001,encounters_epic_north.csv,395,EPIC_NORTH,E1883348,UNRESOLVED_FACILITY,"{""facility_name"": ""UNRESOLVED_FACILITY""}"
batch_001,encounters_epic_north.csv,653,EPIC_NORTH,E8426332,UNRESOLVED_FACILITY,"{""facility_name"": ""UNRESOLVED_FACILITY""}"
batch_001,encounters_epic_north.csv,687,EPIC_NORTH,E1395429,UNRESOLVED_FACILITY,"{""facility_name"": ""UNRESOLVED_FACILITY""}"
batch_001,encounters_epic_north.csv,752,EPIC_NORTH,E7258702,UNRESOLVED_FACILITY,"{""facility_name"": ""UNRESOLVED_FACILITY"", ""discharge_date"": ""MISSING""}"
batch_001,encounters_epic_north.csv,890,EPIC_NORTH,E5899149,UNRESOLVED_FACILITY,"{""facility_name"": ""UNRESOLVED_FACILITY"", ""discharge_date"": ""MISSING""}"
batch_001,encounters_epic_north.csv,976,EPIC_NORTH,E1731840,UNRESOLVED_FACILITY,"{""facility_name"": ""UNRESOLVED_FACILITY""}"
batch_001,encounters_epic_north.csv,1099,EPIC_NORTH,E5402486,UNRESOLVED_FACILITY,"{""facility_name"": ""UNRESOLVED_FACILITY""}"
batch_002,encounters_athena_clinics.csv,32,ATHENA_CLINICS,101489,UNRESOLVED_FACILITY,"{""facility_name"": ""UNRESOLVED_FACILITY""}"
batch_002,encounters_athena_clinics.csv,33,ATHENA_CLINICS,132043,UNRESOLVED_FACILITY,"{""facility_name"": ""UNRESOLVED_FACILITY""}"
batch_002,encounters_athena_clinics.csv,49,ATHENA_CLINICS,104061,UNRESOLVED_FACILITY,"{""facility_name"": ""UNRESOLVED_FACILITY"", ""discharge_date"": ""MISSING""}"
batch_002,encounters_athena_clinics.csv,131,ATHENA_CLINICS,128815,UNRESOLVED_FACILITY,"{""facility_name"": ""UNRESOLVED_FACILITY""}"
batch_003,encounters_athena_clinics.csv,1,ATHENA_CLINICS,119665,UNRESOLVED_FACILITY,"{""facility_name"": ""UNRESOLVED_FACILITY"", ""discharge_date"": ""MISSING""}"
